target,guide,donor,context,n_cells,guide_median_supplied_activation_score,ntc_baseline_median_of_guide_medians,supplied_activation_score_delta,support_flag_lt_20_cells,generator_available,generator_admitted
ATXN7L3,ATXN7L3_1_CRISPRi,A,Resting-Teff,171,-288.47154416072698,-285.17266687930498,-3.2988772814219942,false,true,true
ATXN7L3,ATXN7L3_2_CRISPRi,A,Resting-Teff,255,-266.81301449466503,-285.17266687930498,18.359652384639958,false,true,true
BACH2,BACH2_1_CRISPRi,A,Resting-Teff,272,-280.96287657317748,-285.17266687930498,4.2097903061275019,false,true,false
BACH2,BACH2_2_CRISPRi,A,Resting-Teff,50,-187.2140703337455,-285.17266687930498,97.958596545559487,false,true,false
BATF,BATF_1_CRISPRi,A,Resting-Teff,183,-255.34168147514799,-285.17266687930498,29.830985404156991,false,true,true
BATF,BATF_2_CRISPRi,A,Resting-Teff,152,-271.7818347865325,-285.17266687930498,13.390832092772484,false,true,true
BPTF,BPTF_1_CRISPRi,A,Resting-Teff,216,-294.955656752246,-285.17266687930498,-9.7829898729410161,false,true,true
BPTF,BPTF_2_CRISPRi,A,Resting-Teff,221,-297.40171322653401,-285.17266687930498,-12.22904634722903,false,true,true
CBFB,CBFB_1_CRISPRi,A,Resting-Teff,258,-273.77628896747001,-285.17266687930498,11.396377911834975,false,true,true
CBFB,CBFB_2_CRISPRi,A,Resting-Teff,218,-264.73977203818197,-285.17266687930498,20.432894841123016,false,true,true
DNMT1,DNMT1_1_CRISPRi,A,Resting-Teff,214,-257.4913204219875,-285.17266687930498,27.681346457317488,false,false,false
DNMT1,DNMT1_2_CRISPRi,A,Resting-Teff,223,-230.126179685425,-285.17266687930498,55.046487193879983,false,false,false
ETS1,ETS1_1_CRISPRi,A,Resting-Teff,78,-212.24389930044299,-285.17266687930498,72.928767578861994,false,true,false
ETS1,ETS1_2_CRISPRi,A,Resting-Teff,61,-212.25585378396099,-285.17266687930498,72.916813095343997,false,true,false
FOXO1,FOXO1_1_CRISPRi,A,Resting-Teff,78,-169.64074666274399,-285.17266687930498,115.53192021656099,false,true,true
FOXO1,FOXO1_2_CRISPRi,A,Resting-Teff,137,-275.59160663506998,-285.17266687930498,9.5810602442350046,false,true,true
IL2RA,IL2RA_1_CRISPRi,A,Resting-Teff,108,-297.15674569654698,-285.17266687930498,-11.984078817241993,false,true,true
IL2RA,IL2RA_2_CRISPRi,A,Resting-Teff,132,-297.52381765394301,-285.17266687930498,-12.351150774638029,false,true,true
IRF1,IRF1_1_CRISPRi,A,Resting-Teff,230,-284.34611860018049,-285.17266687930498,0.82654827912449491,false,true,true
IRF1,IRF1_2_CRISPRi,A,Resting-Teff,92,-244.20187535684198,-285.17266687930498,40.970791522463003,false,true,true
IRF2,IRF2_1_CRISPRi,A,Resting-Teff,182,-308.50419637187895,-285.17266687930498,-23.331529492573964,false,true,true
IRF2,IRF2_2_CRISPRi,A,Resting-Teff,142,-318.8164907616835,-285.17266687930498,-33.643823882378513,false,true,true
IRF4,IRF4_1_CRISPRi,A,Resting-Teff,136,-267.32864034656399,-285.17266687930498,17.844026532740997,false,true,false
IRF4,IRF4_2_CRISPRi,A,Resting-Teff,56,-231.84178282883451,-285.17266687930498,53.330884050470473,false,true,false
KLF13,KLF13_1_CRISPRi,A,Resting-Teff,222,-260.81441324628702,-285.17266687930498,24.358253633017966,false,true,false
KLF13,KLF13_2_CRISPRi,A,Resting-Teff,220,-286.70885515908753,-285.17266687930498,-1.5361882797825501,false,true,false
KLF2,KLF2_1_CRISPRi,A,Resting-Teff,152,-213.71349956084401,-285.17266687930498,71.45916731846097,false,true,true
KLF2,KLF2_2_CRISPRi,A,Resting-Teff,88,-260.182728175058,-285.17266687930498,24.989938704246981,false,true,true
LEF1,LEF1_1_CRISPRi,A,Resting-Teff,218,-266.17836509765749,-285.17266687930498,18.994301781647493,false,true,false
LEF1,LEF1_2_CRISPRi,A,Resting-Teff,174,-290.03032356725453,-285.17266687930498,-4.8576566879495431,false,true,false
MED11,MED11_1_CRISPRi,A,Resting-Teff,72,-167.14147290614599,-285.17266687930498,118.03119397315899,false,false,false
MED11,MED11_2_CRISPRi,A,Resting-Teff,171,-258.85375248493102,-285.17266687930498,26.318914394373962,false,false,false
MED12,MED12_1_CRISPRi,A,Resting-Teff,219,-208.18259651430699,-285.17266687930498,76.99007036499799,false,true,true
MED12,MED12_2_CRISPRi,A,Resting-Teff,201,-216.16696133418699,-285.17266687930498,69.005705545117991,false,true,true
MED24,MED24_1_CRISPRi,A,Resting-Teff,230,-232.92860233734351,-285.17266687930498,52.244064541961478,false,true,true
MED24,MED24_2_CRISPRi,A,Resting-Teff,284,-254.95724373014798,-285.17266687930498,30.215423149157004,false,true,true
MEF2D,MEF2D_1_CRISPRi,A,Resting-Teff,260,-280.67361226979,-285.17266687930498,4.4990546095149853,false,true,true
MEF2D,MEF2D_2_CRISPRi,A,Resting-Teff,171,-226.69747171583899,-285.17266687930498,58.475195163465997,false,true,true
MYB,MYB_1_CRISPRi,A,Resting-Teff,158,-186.24605415770199,-285.17266687930498,98.926612721602993,false,true,true
MYB,MYB_2_CRISPRi,A,Resting-Teff,201,-219.86425663680001,-285.17266687930498,65.308410242504976,false,true,true
MYC,MYC_1_CRISPRi,A,Resting-Teff,120,-275.91512298600946,-285.17266687930498,9.2575438932955194,false,true,true
MYC,MYC_2_CRISPRi,A,Resting-Teff,150,-259.32136197427599,-285.17266687930498,25.851304905028996,false,true,true
NFKB2,NFKB2_1_CRISPRi,A,Resting-Teff,287,-215.87580844389299,-285.17266687930498,69.296858435411991,false,true,true
NFKB2,NFKB2_2_CRISPRi,A,Resting-Teff,198,-256.32419759445554,-285.17266687930498,28.848469284849443,false,true,true
PRDM1,PRDM1_1_CRISPRi,A,Resting-Teff,206,-296.96226709727102,-285.17266687930498,-11.78960021796604,false,false,false
PRDM1,PRDM1_2_CRISPRi,A,Resting-Teff,248,-303.79722020655049,-285.17266687930498,-18.624553327245508,false,false,false
SOCS3,SOCS3_1_CRISPRi,A,Resting-Teff,60,-203.8427258714095,-285.17266687930498,81.329941007895485,false,true,true
SOCS3,SOCS3_2_CRISPRi,A,Resting-Teff,30,-74.598931004642992,-285.17266687930498,210.57373587466199,false,true,true
STAT5B,STAT5B_1_CRISPRi,A,Resting-Teff,77,-236.664127443203,-285.17266687930498,48.508539436101984,false,true,true
STAT5B,STAT5B_2_CRISPRi,A,Resting-Teff,152,-258.52908755494849,-285.17266687930498,26.643579324356494,false,true,true
TAF5L,TAF5L_1_CRISPRi,A,Resting-Teff,121,-256.18183726101398,-285.17266687930498,28.990829618291002,false,true,true
TAF5L,TAF5L_2_CRISPRi,A,Resting-Teff,208,-293.53444685787952,-285.17266687930498,-8.3617799785745319,false,true,true
USP22,USP22_1_CRISPRi,A,Resting-Teff,192,-261.97713944235551,-285.17266687930498,23.195527436949476,false,true,true
USP22,USP22_2_CRISPRi,A,Resting-Teff,159,-252.75263422030699,-285.17266687930498,32.420032658997997,false,true,true
ZNF217,ZNF217_1_CRISPRi,A,Resting-Teff,169,-228.24155375999601,-285.17266687930498,56.931113119308975,false,false,false
ZNF217,ZNF217_2_CRISPRi,A,Resting-Teff,110,-258.94810391776753,-285.17266687930498,26.224562961537458,false,false,false
ATXN7L3,ATXN7L3_1_CRISPRi,B,Resting-Teff,247,-297.87754331389698,-332.74571476402099,34.868171450124009,false,true,true
ATXN7L3,ATXN7L3_2_CRISPRi,B,Resting-Teff,383,-285.47204533415101,-332.74571476402099,47.273669429869983,false,true,true
BACH2,BACH2_1_CRISPRi,B,Resting-Teff,354,-325.77133840957504,-332.74571476402099,6.9743763544459512,false,true,false
BACH2,BACH2_2_CRISPRi,B,Resting-Teff,101,-263.26345340389901,-332.74571476402099,69.482261360121981,false,true,false
BATF,BATF_1_CRISPRi,B,Resting-Teff,312,-323.28373599790552,-332.74571476402099,9.4619787661154646,false,true,true
BATF,BATF_2_CRISPRi,B,Resting-Teff,269,-310.292188904711,-332.74571476402099,22.453525859309991,false,true,true
BPTF,BPTF_1_CRISPRi,B,Resting-Teff,337,-317.631920335058,-332.74571476402099,15.11379442896299,false,true,true
BPTF,BPTF_2_CRISPRi,B,Resting-Teff,320,-330.7212296462605,-332.74571476402099,2.0244851177604914,false,true,true
CBFB,CBFB_1_CRISPRi,B,Resting-Teff,271,-317.88554618251902,-332.74571476402099,14.860168581501966,false,true,true
CBFB,CBFB_2_CRISPRi,B,Resting-Teff,298,-281.98724426498097,-332.74571476402099,50.758470499040016,false,true,true
DNMT1,DNMT1_1_CRISPRi,B,Resting-Teff,273,-301.61185487770399,-332.74571476402099,31.133859886316998,false,false,false
DNMT1,DNMT1_2_CRISPRi,B,Resting-Teff,240,-251.97386802485499,-332.74571476402099,80.771846739165994,false,false,false
ETS1,ETS1_1_CRISPRi,B,Resting-Teff,100,-271.96691733510647,-332.74571476402099,60.778797428914515,false,true,false
ETS1,ETS1_2_CRISPRi,B,Resting-Teff,112,-333.13412166989553,-332.74571476402099,-0.38840690587454674,false,true,false
FOXO1,FOXO1_1_CRISPRi,B,Resting-Teff,118,-148.2537468151165,-332.74571476402099,184.49196794890449,false,true,true
FOXO1,FOXO1_2_CRISPRi,B,Resting-Teff,214,-340.21707011518151,-332.74571476402099,-7.4713553511605255,false,true,true
IL2RA,IL2RA_1_CRISPRi,B,Resting-Teff,152,-297.41965457636047,-332.74571476402099,35.326060187660516,false,true,true
IL2RA,IL2RA_2_CRISPRi,B,Resting-Teff,169,-315.27873710109202,-332.74571476402099,17.466977662928969,false,true,true
IRF1,IRF1_1_CRISPRi,B,Resting-Teff,323,-314.19372871924202,-332.74571476402099,18.551986044778971,false,true,true
IRF1,IRF1_2_CRISPRi,B,Resting-Teff,141,-284.54919505106898,-332.74571476402099,48.196519712952011,false,true,true
IRF2,IRF2_1_CRISPRi,B,Resting-Teff,201,-319.79219551398899,-332.74571476402099,12.953519250032002,false,true,true
IRF2,IRF2_2_CRISPRi,B,Resting-Teff,229,-331.835553633345,-332.74571476402099,0.91016113067598781,false,true,true
IRF4,IRF4_1_CRISPRi,B,Resting-Teff,205,-286.37499977630301,-332.74571476402099,46.370714987717975,false,true,false
IRF4,IRF4_2_CRISPRi,B,Resting-Teff,76,-292.55194782462104,-332.74571476402099,40.19376693939995,false,true,false
KLF13,KLF13_1_CRISPRi,B,Resting-Teff,250,-317.28706384117197,-332.74571476402099,15.458650922849017,false,true,false
KLF13,KLF13_2_CRISPRi,B,Resting-Teff,335,-307.24811895787298,-332.74571476402099,25.497595806148013,false,true,false
KLF2,KLF2_1_CRISPRi,B,Resting-Teff,218,-239.68450476944849,-332.74571476402099,93.061209994572494,false,true,true
KLF2,KLF2_2_CRISPRi,B,Resting-Teff,107,-291.68445127515503,-332.74571476402099,41.061263488865961,false,true,true
LEF1,LEF1_1_CRISPRi,B,Resting-Teff,316,-300.05192481857949,-332.74571476402099,32.693789945441495,false,true,false
LEF1,LEF1_2_CRISPRi,B,Resting-Teff,324,-303.06025924020202,-332.74571476402099,29.685455523818973,false,true,false
MED11,MED11_1_CRISPRi,B,Resting-Teff,65,-200.82591014942901,-332.74571476402099,131.91980461459198,false,false,false
MED11,MED11_2_CRISPRi,B,Resting-Teff,185,-289.73734758025,-332.74571476402099,43.008367183770986,false,false,false
MED12,MED12_1_CRISPRi,B,Resting-Teff,339,-198.02527153110199,-332.74571476402099,134.720443232919,false,true,true
MED12,MED12_2_CRISPRi,B,Resting-Teff,318,-220.1653269637645,-332.74571476402099,112.58038780025649,false,true,true
MED24,MED24_1_CRISPRi,B,Resting-Teff,377,-298.64640422604901,-332.74571476402099,34.099310537971974,false,true,true
MED24,MED24_2_CRISPRi,B,Resting-Teff,374,-297.23701487407101,-332.74571476402099,35.50869988994998,false,true,true
MEF2D,MEF2D_1_CRISPRi,B,Resting-Teff,312,-315.8147873856355,-332.74571476402099,16.930927378385491,false,true,true
MEF2D,MEF2D_2_CRISPRi,B,Resting-Teff,262,-305.46393463884851,-332.74571476402099,27.281780125172475,false,true,true
MYB,MYB_1_CRISPRi,B,Resting-Teff,178,-228.60160796391651,-332.74571476402099,104.14410680010448,false,true,true
MYB,MYB_2_CRISPRi,B,Resting-Teff,323,-231.31285737313499,-332.74571476402099,101.432857390886,false,true,true
MYC,MYC_1_CRISPRi,B,Resting-Teff,180,-251.56127504849002,-332.74571476402099,81.184439715530971,false,true,true
MYC,MYC_2_CRISPRi,B,Resting-Teff,193,-288.74493693838599,-332.74571476402099,44.000777825634998,false,true,true
NFKB2,NFKB2_1_CRISPRi,B,Resting-Teff,374,-222.28350772719301,-332.74571476402099,110.46220703682798,false,true,true
NFKB2,NFKB2_2_CRISPRi,B,Resting-Teff,346,-254.78918744667749,-332.74571476402099,77.9565273173435,false,true,true
PRDM1,PRDM1_1_CRISPRi,B,Resting-Teff,324,-342.94247183819249,-332.74571476402099,-10.196757074171501,false,false,false
PRDM1,PRDM1_2_CRISPRi,B,Resting-Teff,336,-312.57959609117802,-332.74571476402099,20.16611867284297,false,false,false
SOCS3,SOCS3_1_CRISPRi,B,Resting-Teff,54,-304.94836127831297,-332.74571476402099,27.797353485708015,false,true,true
SOCS3,SOCS3_2_CRISPRi,B,Resting-Teff,42,-245.39720895658749,-332.74571476402099,87.348505807433497,false,true,true
STAT5B,STAT5B_1_CRISPRi,B,Resting-Teff,159,-251.43734154068201,-332.74571476402099,81.308373223338975,false,true,true
STAT5B,STAT5B_2_CRISPRi,B,Resting-Teff,222,-314.40765876215153,-332.74571476402099,18.338056001869461,false,true,true
TAF5L,TAF5L_1_CRISPRi,B,Resting-Teff,162,-311.72365852311651,-332.74571476402099,21.022056240904476,false,true,true
TAF5L,TAF5L_2_CRISPRi,B,Resting-Teff,249,-307.579476817086,-332.74571476402099,25.166237946934984,false,true,true
USP22,USP22_1_CRISPRi,B,Resting-Teff,234,-300.82192374631745,-332.74571476402099,31.923791017703536,false,true,true
USP22,USP22_2_CRISPRi,B,Resting-Teff,218,-271.95597329227053,-332.74571476402099,60.78974147175046,false,true,true
ZNF217,ZNF217_1_CRISPRi,B,Resting-Teff,203,-285.84883752511797,-332.74571476402099,46.896877238903016,false,false,false
ZNF217,ZNF217_2_CRISPRi,B,Resting-Teff,185,-299.184397056161,-332.74571476402099,33.561317707859985,false,false,false
ATXN7L3,ATXN7L3_1_CRISPRi,A,Stimulated-Teff,226,615.17764101249577,612.7313540812479,2.4462869312478688,false,true,true
ATXN7L3,ATXN7L3_2_CRISPRi,A,Stimulated-Teff,291,592.81920229642026,612.7313540812479,-19.912151784827643,false,true,true
BACH2,BACH2_1_CRISPRi,A,Stimulated-Teff,290,628.28860701790143,612.7313540812479,15.557252936653526,false,true,false
BACH2,BACH2_2_CRISPRi,A,Stimulated-Teff,188,636.93748905935308,612.7313540812479,24.206134978105183,false,true,false
BATF,BATF_1_CRISPRi,A,Stimulated-Teff,273,582.2823073494568,612.7313540812479,-30.4490467317911,false,true,true
BATF,BATF_2_CRISPRi,A,Stimulated-Teff,248,551.42471917297007,612.7313540812479,-61.306634908277829,false,true,true
BPTF,BPTF_1_CRISPRi,A,Stimulated-Teff,199,595.76360745734428,612.7313540812479,-16.967746623903622,false,true,true
BPTF,BPTF_2_CRISPRi,A,Stimulated-Teff,282,569.3836103859345,612.7313540812479,-43.347743695313397,false,true,true
CBFB,CBFB_1_CRISPRi,A,Stimulated-Teff,359,660.48302552185726,612.7313540812479,47.751671440609357,false,true,true
CBFB,CBFB_2_CRISPRi,A,Stimulated-Teff,320,667.69884069144177,612.7313540812479,54.967486610193873,false,true,true
DNMT1,DNMT1_1_CRISPRi,A,Stimulated-Teff,215,615.32602648563079,612.7313540812479,2.5946724043828908,false,false,false
DNMT1,DNMT1_2_CRISPRi,A,Stimulated-Teff,188,574.51477769496159,612.7313540812479,-38.216576386286306,false,false,false
ETS1,ETS1_1_CRISPRi,A,Stimulated-Teff,197,650.00000674117928,612.7313540812479,37.268652659931377,false,true,false
ETS1,ETS1_2_CRISPRi,A,Stimulated-Teff,122,615.13407185347023,612.7313540812479,2.4027177722223314,false,true,false
FOXO1,FOXO1_1_CRISPRi,A,Stimulated-Teff,166,638.09883526350609,612.7313540812479,25.367481182258189,false,true,true
FOXO1,FOXO1_2_CRISPRi,A,Stimulated-Teff,202,598.95840459849978,612.7313540812479,-13.772949482748118,false,true,true
IL2RA,IL2RA_1_CRISPRi,A,Stimulated-Teff,181,524.21300837465867,612.7313540812479,-88.51834570658923,false,true,true
IL2RA,IL2RA_2_CRISPRi,A,Stimulated-Teff,236,589.11904686684102,612.7313540812479,-23.612307214406883,false,true,true
IRF1,IRF1_1_CRISPRi,A,Stimulated-Teff,225,630.47950294492694,612.7313540812479,17.748148863679035,false,true,true
IRF1,IRF1_2_CRISPRi,A,Stimulated-Teff,181,621.41444611255451,612.7313540812479,8.6830920313066144,false,true,true
IRF2,IRF2_1_CRISPRi,A,Stimulated-Teff,243,619.5777562936255,612.7313540812479,6.8464022123775976,false,true,true
IRF2,IRF2_2_CRISPRi,A,Stimulated-Teff,242,598.82770219731856,612.7313540812479,-13.903651883929342,false,true,true
IRF4,IRF4_1_CRISPRi,A,Stimulated-Teff,180,575.09973429072238,612.7313540812479,-37.631619790525519,false,true,false
IRF4,IRF4_2_CRISPRi,A,Stimulated-Teff,155,557.24533519469571,612.7313540812479,-55.486018886552188,false,true,false
KLF13,KLF13_1_CRISPRi,A,Stimulated-Teff,272,625.25487915352164,612.7313540812479,12.523525072273742,false,true,false
KLF13,KLF13_2_CRISPRi,A,Stimulated-Teff,328,623.90734805919192,612.7313540812479,11.175993977944017,false,true,false
KLF2,KLF2_1_CRISPRi,A,Stimulated-Teff,202,612.89598998020119,612.7313540812479,0.16463589895329278,false,true,true
KLF2,KLF2_2_CRISPRi,A,Stimulated-Teff,208,648.48582432170883,612.7313540812479,35.754470240460932,false,true,true
LEF1,LEF1_1_CRISPRi,A,Stimulated-Teff,304,605.2572283111856,612.7313540812479,-7.4741257700623009,false,true,false
LEF1,LEF1_2_CRISPRi,A,Stimulated-Teff,251,617.10840097758501,612.7313540812479,4.3770468963371059,false,true,false
MED11,MED11_1_CRISPRi,A,Stimulated-Teff,104,534.59799341815926,612.7313540812479,-78.133360663088638,false,false,false
MED11,MED11_2_CRISPRi,A,Stimulated-Teff,216,622.23873885138187,612.7313540812479,9.5073847701339673,false,false,false
MED12,MED12_1_CRISPRi,A,Stimulated-Teff,405,533.83630337310944,612.7313540812479,-78.895050708138456,false,true,true
MED12,MED12_2_CRISPRi,A,Stimulated-Teff,366,562.7808465664101,612.7313540812479,-49.950507514837795,false,true,true
MED24,MED24_1_CRISPRi,A,Stimulated-Teff,303,635.57561568611709,612.7313540812479,22.844261604869189,false,true,true
MED24,MED24_2_CRISPRi,A,Stimulated-Teff,371,640.83177955596534,612.7313540812479,28.10042547471744,false,true,true
MEF2D,MEF2D_1_CRISPRi,A,Stimulated-Teff,266,638.30562796323068,612.7313540812479,25.574273881982776,false,true,true
MEF2D,MEF2D_2_CRISPRi,A,Stimulated-Teff,302,672.34493619675095,612.7313540812479,59.61358211550305,false,true,true
MYB,MYB_1_CRISPRi,A,Stimulated-Teff,213,626.25934741822073,612.7313540812479,13.527993336972827,false,true,true
MYB,MYB_2_CRISPRi,A,Stimulated-Teff,254,618.08614950728429,612.7313540812479,5.3547954260363895,false,true,true
MYC,MYC_1_CRISPRi,A,Stimulated-Teff,266,547.598529043491,612.7313540812479,-65.132825037756902,false,true,true
MYC,MYC_2_CRISPRi,A,Stimulated-Teff,195,556.65387593620721,612.7313540812479,-56.077478145040686,false,true,true
NFKB2,NFKB2_1_CRISPRi,A,Stimulated-Teff,365,600.93947881304371,612.7313540812479,-11.791875268204194,false,true,true
NFKB2,NFKB2_2_CRISPRi,A,Stimulated-Teff,334,590.33001972106933,612.7313540812479,-22.401334360178566,false,true,true
PRDM1,PRDM1_1_CRISPRi,A,Stimulated-Teff,259,621.89021080009695,612.7313540812479,9.1588567188490515,false,false,false
PRDM1,PRDM1_2_CRISPRi,A,Stimulated-Teff,329,636.66661353232848,612.7313540812479,23.935259451080583,false,false,false
SOCS3,SOCS3_1_CRISPRi,A,Stimulated-Teff,64,494.57311509922312,612.7313540812479,-118.15823898202478,false,true,true
SOCS3,SOCS3_2_CRISPRi,A,Stimulated-Teff,122,661.65016877126925,612.7313540812479,48.91881469002135,false,true,true
STAT5B,STAT5B_1_CRISPRi,A,Stimulated-Teff,228,532.02199419188446,612.7313540812479,-80.709359889363441,false,true,true
STAT5B,STAT5B_2_CRISPRi,A,Stimulated-Teff,184,549.11142606133808,612.7313540812479,-63.619928019909821,false,true,true
TAF5L,TAF5L_1_CRISPRi,A,Stimulated-Teff,159,625.149160712455,612.7313540812479,12.4178066312071,false,true,true
TAF5L,TAF5L_2_CRISPRi,A,Stimulated-Teff,236,613.02277174308915,612.7313540812479,0.29141766184125117,false,true,true
USP22,USP22_1_CRISPRi,A,Stimulated-Teff,212,639.02629057006243,612.7313540812479,26.294936488814528,false,true,true
USP22,USP22_2_CRISPRi,A,Stimulated-Teff,207,611.84342465624502,612.7313540812479,-0.88792942500288063,false,true,true
ZNF217,ZNF217_1_CRISPRi,A,Stimulated-Teff,257,571.69956505494008,612.7313540812479,-41.03178902630782,false,false,false
ZNF217,ZNF217_2_CRISPRi,A,Stimulated-Teff,278,642.62699070534302,612.7313540812479,29.895636624095118,false,false,false
ATXN7L3,ATXN7L3_1_CRISPRi,B,Stimulated-Teff,193,609.45683168326605,613.23523218903188,-3.7784005057658305,false,true,true
ATXN7L3,ATXN7L3_2_CRISPRi,B,Stimulated-Teff,288,627.43462498066583,613.23523218903188,14.199392791633954,false,true,true
BACH2,BACH2_1_CRISPRi,B,Stimulated-Teff,298,635.26971725487579,613.23523218903188,22.03448506584391,false,true,false
BACH2,BACH2_2_CRISPRi,B,Stimulated-Teff,188,627.95136429568038,613.23523218903188,14.716132106648502,false,true,false
BATF,BATF_1_CRISPRi,B,Stimulated-Teff,251,563.7152787975001,613.23523218903188,-49.519953391531772,false,true,true
BATF,BATF_2_CRISPRi,B,Stimulated-Teff,254,579.64716273534771,613.23523218903188,-33.58806945368417,false,true,true
BPTF,BPTF_1_CRISPRi,B,Stimulated-Teff,196,594.58037666854602,613.23523218903188,-18.654855520485853,false,true,true
BPTF,BPTF_2_CRISPRi,B,Stimulated-Teff,253,599.61448750054251,613.23523218903188,-13.620744688489367,false,true,true
CBFB,CBFB_1_CRISPRi,B,Stimulated-Teff,296,630.68962079853281,613.23523218903188,17.454388609500938,false,true,true
CBFB,CBFB_2_CRISPRi,B,Stimulated-Teff,237,669.00086942582107,613.23523218903188,55.765637236789189,false,true,true
DNMT1,DNMT1_1_CRISPRi,B,Stimulated-Teff,189,619.9739153006301,613.23523218903188,6.7386831115982204,false,false,false
DNMT1,DNMT1_2_CRISPRi,B,Stimulated-Teff,162,590.87870210668621,613.23523218903188,-22.356530082345671,false,false,false
ETS1,ETS1_1_CRISPRi,B,Stimulated-Teff,186,645.0456102144077,613.23523218903188,31.810378025375826,false,true,false
ETS1,ETS1_2_CRISPRi,B,Stimulated-Teff,111,630.53044714875773,613.23523218903188,17.295214959725854,false,true,false
FOXO1,FOXO1_1_CRISPRi,B,Stimulated-Teff,126,600.59010716760417,613.23523218903188,-12.645125021427702,false,true,true
FOXO1,FOXO1_2_CRISPRi,B,Stimulated-Teff,207,591.00758978841577,613.23523218903188,-22.227642400616105,false,true,true
IL2RA,IL2RA_1_CRISPRi,B,Stimulated-Teff,163,497.63590953547509,613.23523218903188,-115.59932265355678,false,true,true
IL2RA,IL2RA_2_CRISPRi,B,Stimulated-Teff,197,535.66669543939747,613.23523218903188,-77.568536749634404,false,true,true
IRF1,IRF1_1_CRISPRi,B,Stimulated-Teff,214,588.99652257528601,613.23523218903188,-24.238709613745868,false,true,true
IRF1,IRF1_2_CRISPRi,B,Stimulated-Teff,205,652.57228570482255,613.23523218903188,39.337053515790672,false,true,true
IRF2,IRF2_1_CRISPRi,B,Stimulated-Teff,184,626.40250650978498,613.23523218903188,13.167274320753108,false,true,true
IRF2,IRF2_2_CRISPRi,B,Stimulated-Teff,207,615.15729053931102,613.23523218903188,1.9220583502791442,false,true,true
IRF4,IRF4_1_CRISPRi,B,Stimulated-Teff,146,583.03369208048161,613.23523218903188,-30.201540108550262,false,true,false
IRF4,IRF4_2_CRISPRi,B,Stimulated-Teff,135,549.04404553519612,613.23523218903188,-64.191186653835757,false,true,false
KLF13,KLF13_1_CRISPRi,B,Stimulated-Teff,223,634.9840467809355,613.23523218903188,21.748814591903624,false,true,false
KLF13,KLF13_2_CRISPRi,B,Stimulated-Teff,234,608.91400968000835,613.23523218903188,-4.3212225090235279,false,true,false
KLF2,KLF2_1_CRISPRi,B,Stimulated-Teff,199,633.23851984319367,613.23523218903188,20.003287654161795,false,true,true
KLF2,KLF2_2_CRISPRi,B,Stimulated-Teff,193,643.72752515623085,613.23523218903188,30.492292967198978,false,true,true
LEF1,LEF1_1_CRISPRi,B,Stimulated-Teff,255,635.33932271592369,613.23523218903188,22.10409052689181,false,true,false
LEF1,LEF1_2_CRISPRi,B,Stimulated-Teff,221,609.28468561427621,613.23523218903188,-3.9505465747556627,false,true,false
MED11,MED11_1_CRISPRi,B,Stimulated-Teff,60,526.76466777807036,613.23523218903188,-86.470564410961515,false,false,false
MED11,MED11_2_CRISPRi,B,Stimulated-Teff,163,577.91645682244859,613.23523218903188,-35.318775366583282,false,false,false
MED12,MED12_1_CRISPRi,B,Stimulated-Teff,356,521.78208467097375,613.23523218903188,-91.453147518058131,false,true,true
MED12,MED12_2_CRISPRi,B,Stimulated-Teff,330,550.65834472641495,613.23523218903188,-62.576887462616924,false,true,true
MED24,MED24_1_CRISPRi,B,Stimulated-Teff,324,666.15646324956072,613.23523218903188,52.921231060528839,false,true,true
MED24,MED24_2_CRISPRi,B,Stimulated-Teff,252,667.27297111326845,613.23523218903188,54.037738924236578,false,true,true
MEF2D,MEF2D_1_CRISPRi,B,Stimulated-Teff,252,650.05930613259898,613.23523218903188,36.8240739435671,false,true,true
MEF2D,MEF2D_2_CRISPRi,B,Stimulated-Teff,256,647.46689118493214,613.23523218903188,34.231658995900261,false,true,true
MYB,MYB_1_CRISPRi,B,Stimulated-Teff,167,614.38289518572924,613.23523218903188,1.1476629966973633,false,true,true
MYB,MYB_2_CRISPRi,B,Stimulated-Teff,214,603.89925064564284,613.23523218903188,-9.335981543389039,false,true,true
MYC,MYC_1_CRISPRi,B,Stimulated-Teff,234,529.49343928408348,613.23523218903188,-83.741792904948397,false,true,true
MYC,MYC_2_CRISPRi,B,Stimulated-Teff,148,492.25685005964931,613.23523218903188,-120.97838212938257,false,true,true
NFKB2,NFKB2_1_CRISPRi,B,Stimulated-Teff,340,610.11568317303681,613.23523218903188,-3.1195490159950623,false,true,true
NFKB2,NFKB2_2_CRISPRi,B,Stimulated-Teff,284,596.26803290036037,613.23523218903188,-16.967199288671509,false,true,true
PRDM1,PRDM1_1_CRISPRi,B,Stimulated-Teff,256,615.14407541176911,613.23523218903188,1.9088432227372323,false,false,false
PRDM1,PRDM1_2_CRISPRi,B,Stimulated-Teff,257,622.95497933301806,613.23523218903188,9.7197471439861829,false,false,false
SOCS3,SOCS3_1_CRISPRi,B,Stimulated-Teff,41,540.10959183926843,613.23523218903188,-73.125640349763444,false,true,true
SOCS3,SOCS3_2_CRISPRi,B,Stimulated-Teff,118,640.56663640565057,613.23523218903188,27.331404216618694,false,true,true
STAT5B,STAT5B_1_CRISPRi,B,Stimulated-Teff,161,429.55144953565849,613.23523218903188,-183.68378265337338,false,true,true
STAT5B,STAT5B_2_CRISPRi,B,Stimulated-Teff,214,549.7588088119453,613.23523218903188,-63.476423377086576,false,true,true
TAF5L,TAF5L_1_CRISPRi,B,Stimulated-Teff,164,645.67603894729041,613.23523218903188,32.440806758258532,false,true,true
TAF5L,TAF5L_2_CRISPRi,B,Stimulated-Teff,198,611.39756848690558,613.23523218903188,-1.8376637021262923,false,true,true
USP22,USP22_1_CRISPRi,B,Stimulated-Teff,205,634.99912079750743,613.23523218903188,21.763888608475554,false,true,true
USP22,USP22_2_CRISPRi,B,Stimulated-Teff,183,642.56996218216989,613.23523218903188,29.334729993138012,false,true,true
ZNF217,ZNF217_1_CRISPRi,B,Stimulated-Teff,211,580.98293235272331,613.23523218903188,-32.252299836308566,false,false,false
ZNF217,ZNF217_2_CRISPRi,B,Stimulated-Teff,203,611.02689330116129,613.23523218903188,-2.2083388878705819,false,false,false
ATXN7L3,ATXN7L3_1_CRISPRi,A,Resting-Treg,167,-251.932312635931,-268.41973327381299,16.487420637881996,false,true,true
ATXN7L3,ATXN7L3_2_CRISPRi,A,Resting-Treg,166,-244.54382734236651,-268.41973327381299,23.875905931446482,false,true,true
BACH2,BACH2_1_CRISPRi,A,Resting-Treg,194,-264.00931239773598,-268.41973327381299,4.4104208760770121,false,true,false
BACH2,BACH2_2_CRISPRi,A,Resting-Treg,26,-138.22115527457649,-268.41973327381299,130.19857799923651,false,true,false
BATF,BATF_1_CRISPRi,A,Resting-Treg,134,-235.7314511040415,-268.41973327381299,32.688282169771497,false,true,true
BATF,BATF_2_CRISPRi,A,Resting-Treg,125,-219.36419117963001,-268.41973327381299,49.055542094182982,false,true,true
BPTF,BPTF_1_CRISPRi,A,Resting-Treg,176,-235.44507717888899,-268.41973327381299,32.974656094924001,false,true,true
BPTF,BPTF_2_CRISPRi,A,Resting-Treg,203,-224.26291259350899,-268.41973327381299,44.156820680304008,false,true,true
CBFB,CBFB_1_CRISPRi,A,Resting-Treg,204,-248.12783885630898,-268.41973327381299,20.291894417504011,false,true,true
CBFB,CBFB_2_CRISPRi,A,Resting-Treg,218,-265.14603239936099,-268.41973327381299,3.273700874452004,false,true,true
DNMT1,DNMT1_1_CRISPRi,A,Resting-Treg,109,-256.44983958972801,-268.41973327381299,11.96989368408498,false,false,false
DNMT1,DNMT1_2_CRISPRi,A,Resting-Treg,75,-260.12931363582499,-268.41973327381299,8.2904196379880091,false,false,false
ETS1,ETS1_1_CRISPRi,A,Resting-Treg,41,-229.396411614611,-268.41973327381299,39.023321659201997,false,true,false
ETS1,ETS1_2_CRISPRi,A,Resting-Treg,27,-168.59419390662001,-268.41973327381299,99.825539367192988,false,true,false
FOXO1,FOXO1_1_CRISPRi,A,Resting-Treg,31,-36.212670071288201,-268.41973327381299,232.20706320252481,false,true,true
FOXO1,FOXO1_2_CRISPRi,A,Resting-Treg,133,-259.42727066674502,-268.41973327381299,8.9924626070679778,false,true,true
IL2RA,IL2RA_1_CRISPRi,A,Resting-Treg,59,-278.74769217602801,-268.41973327381299,-10.327958902215016,false,true,true
IL2RA,IL2RA_2_CRISPRi,A,Resting-Treg,110,-254.64672360054851,-268.41973327381299,13.773009673264482,false,true,true
IRF1,IRF1_1_CRISPRi,A,Resting-Treg,141,-230.40045903402401,-268.41973327381299,38.019274239788984,false,true,true
IRF1,IRF1_2_CRISPRi,A,Resting-Treg,45,-258.009393490994,-268.41973327381299,10.410339782818994,false,true,true
IRF2,IRF2_1_CRISPRi,A,Resting-Treg,108,-246.60661791514349,-268.41973327381299,21.813115358669506,false,true,true
IRF2,IRF2_2_CRISPRi,A,Resting-Treg,94,-283.1677667234635,-268.41973327381299,-14.748033449650507,false,true,true
IRF4,IRF4_1_CRISPRi,A,Resting-Treg,95,-251.753010434684,-268.41973327381299,16.666722839128994,false,true,false
IRF4,IRF4_2_CRISPRi,A,Resting-Treg,23,-147.27769579616,-268.41973327381299,121.14203747765299,false,true,false
KLF13,KLF13_1_CRISPRi,A,Resting-Treg,164,-263.97318257003496,-268.41973327381299,4.4465507037780299,false,true,false
KLF13,KLF13_2_CRISPRi,A,Resting-Treg,196,-249.5942094363015,-268.41973327381299,18.825523837511497,false,true,false
KLF2,KLF2_1_CRISPRi,A,Resting-Treg,118,-111.4109464158465,-268.41973327381299,157.0087868579665,false,true,true
KLF2,KLF2_2_CRISPRi,A,Resting-Treg,40,-204.26836581370651,-268.41973327381299,64.151367460106485,false,true,true
LEF1,LEF1_1_CRISPRi,A,Resting-Treg,159,-240.959686479358,-268.41973327381299,27.460046794454996,false,true,false
LEF1,LEF1_2_CRISPRi,A,Resting-Treg,161,-260.25465343295599,-268.41973327381299,8.165079840857004,false,true,false
MED11,MED11_1_CRISPRi,A,Resting-Treg,70,-189.92795202885949,-268.41973327381299,78.491781244953501,false,false,false
MED11,MED11_2_CRISPRi,A,Resting-Treg,108,-187.17478329658849,-268.41973327381299,81.244949977224508,false,false,false
MED12,MED12_1_CRISPRi,A,Resting-Treg,121,-197.45899673265399,-268.41973327381299,70.960736541159008,false,true,true
MED12,MED12_2_CRISPRi,A,Resting-Treg,141,-208.86941700557099,-268.41973327381299,59.550316268242,false,true,true
MED24,MED24_1_CRISPRi,A,Resting-Treg,188,-202.85295179458302,-268.41973327381299,65.566781479229974,false,true,true
MED24,MED24_2_CRISPRi,A,Resting-Treg,184,-227.64059840381549,-268.41973327381299,40.779134869997506,false,true,true
MEF2D,MEF2D_1_CRISPRi,A,Resting-Treg,174,-262.95154957740397,-268.41973327381299,5.468183696409028,false,true,true
MEF2D,MEF2D_2_CRISPRi,A,Resting-Treg,93,-231.92031934838101,-268.41973327381299,36.49941392543198,false,true,true
MYB,MYB_1_CRISPRi,A,Resting-Treg,55,-136.23007858582301,-268.41973327381299,132.18965468798999,false,true,true
MYB,MYB_2_CRISPRi,A,Resting-Treg,117,-189.88001392453901,-268.41973327381299,78.53971934927398,false,true,true
MYC,MYC_1_CRISPRi,A,Resting-Treg,112,-192.3157649246055,-268.41973327381299,76.103968349207491,false,true,true
MYC,MYC_2_CRISPRi,A,Resting-Treg,145,-218.071197662087,-268.41973327381299,50.348535611725993,false,true,true
NFKB2,NFKB2_1_CRISPRi,A,Resting-Treg,190,-240.393369370985,-268.41973327381299,28.026363902827995,false,true,true
NFKB2,NFKB2_2_CRISPRi,A,Resting-Treg,147,-230.042151723465,-268.41973327381299,38.377581550347998,false,true,true
PRDM1,PRDM1_1_CRISPRi,A,Resting-Treg,149,-274.99357029160802,-268.41973327381299,-6.5738370177950287,false,false,false
PRDM1,PRDM1_2_CRISPRi,A,Resting-Treg,183,-281.862965592916,-268.41973327381299,-13.443232319103004,false,false,false
SOCS3,SOCS3_1_CRISPRi,A,Resting-Treg,28,-227.26740088901801,-268.41973327381299,41.152332384794988,false,true,true
SOCS3,SOCS3_2_CRISPRi,A,Resting-Treg,8,-104.68630345884839,-268.41973327381299,163.73342981496461,true,true,true
STAT5B,STAT5B_1_CRISPRi,A,Resting-Treg,66,-212.75049577979399,-268.41973327381299,55.669237494019001,false,true,true
STAT5B,STAT5B_2_CRISPRi,A,Resting-Treg,102,-271.70450384116998,-268.41973327381299,-3.2847705673569862,false,true,true
TAF5L,TAF5L_1_CRISPRi,A,Resting-Treg,66,-258.71030560681652,-268.41973327381299,9.7094276669964756,false,true,true
TAF5L,TAF5L_2_CRISPRi,A,Resting-Treg,156,-268.69281396622353,-268.41973327381299,-0.2730806924105309,false,true,true
USP22,USP22_1_CRISPRi,A,Resting-Treg,106,-257.14741304182252,-268.41973327381299,11.272320231990477,false,true,true
USP22,USP22_2_CRISPRi,A,Resting-Treg,102,-250.11918265117001,-268.41973327381299,18.300550622642987,false,true,true
ZNF217,ZNF217_1_CRISPRi,A,Resting-Treg,164,-232.337432218706,-268.41973327381299,36.082301055106996,false,false,false
ZNF217,ZNF217_2_CRISPRi,A,Resting-Treg,80,-280.34271012193,-268.41973327381299,-11.922976848117003,false,false,false
ATXN7L3,ATXN7L3_1_CRISPRi,B,Resting-Treg,208,-225.77704664634501,-253.46978307827399,27.692736431928978,false,true,true
ATXN7L3,ATXN7L3_2_CRISPRi,B,Resting-Treg,300,-231.83686689597852,-253.46978307827399,21.632916182295475,false,true,true
BACH2,BACH2_1_CRISPRi,B,Resting-Treg,222,-242.77689825875251,-253.46978307827399,10.692884819521481,false,true,false
BACH2,BACH2_2_CRISPRi,B,Resting-Treg,53,-148.034056826842,-253.46978307827399,105.43572625143199,false,true,false
BATF,BATF_1_CRISPRi,B,Resting-Treg,176,-262.09126558041646,-253.46978307827399,-8.6214825021424701,false,true,true
BATF,BATF_2_CRISPRi,B,Resting-Treg,174,-279.00087599154801,-253.46978307827399,-25.531092913274023,false,true,true
BPTF,BPTF_1_CRISPRi,B,Resting-Treg,262,-205.78911410759201,-253.46978307827399,47.680668970681978,false,true,true
BPTF,BPTF_2_CRISPRi,B,Resting-Treg,224,-230.79406911860801,-253.46978307827399,22.675713959665984,false,true,true
CBFB,CBFB_1_CRISPRi,B,Resting-Treg,264,-251.21821059131952,-253.46978307827399,2.2515724869544727,false,true,true
CBFB,CBFB_2_CRISPRi,B,Resting-Treg,254,-250.33007847783801,-253.46978307827399,3.1397046004359765,false,true,true
DNMT1,DNMT1_1_CRISPRi,B,Resting-Treg,101,-238.06074337965001,-253.46978307827399,15.409039698623985,false,false,false
DNMT1,DNMT1_2_CRISPRi,B,Resting-Treg,80,-201.36693564663449,-253.46978307827399,52.102847431639503,false,false,false
ETS1,ETS1_1_CRISPRi,B,Resting-Treg,67,-231.21045818779999,-253.46978307827399,22.259324890474005,false,true,false
ETS1,ETS1_2_CRISPRi,B,Resting-Treg,52,-243.14185502908498,-253.46978307827399,10.327928049189012,false,true,false
FOXO1,FOXO1_1_CRISPRi,B,Resting-Treg,61,-82.959725621824305,-253.46978307827399,170.51005745644969,false,true,true
FOXO1,FOXO1_2_CRISPRi,B,Resting-Treg,151,-254.52115285241001,-253.46978307827399,-1.0513697741360204,false,true,true
IL2RA,IL2RA_1_CRISPRi,B,Resting-Treg,77,-269.31273908595102,-253.46978307827399,-15.842956007677031,false,true,true
IL2RA,IL2RA_2_CRISPRi,B,Resting-Treg,144,-276.86860816522352,-253.46978307827399,-23.398825086949529,false,true,true
IRF1,IRF1_1_CRISPRi,B,Resting-Treg,224,-259.69246269529947,-253.46978307827399,-6.2226796170254772,false,true,true
IRF1,IRF1_2_CRISPRi,B,Resting-Treg,100,-210.93664467511999,-253.46978307827399,42.533138403153998,false,true,true
IRF2,IRF2_1_CRISPRi,B,Resting-Treg,155,-261.34289401124499,-253.46978307827399,-7.8731109329710023,false,true,true
IRF2,IRF2_2_CRISPRi,B,Resting-Treg,138,-251.6956993569915,-253.46978307827399,1.7740837212824943,false,true,true
IRF4,IRF4_1_CRISPRi,B,Resting-Treg,102,-260.87709558009999,-253.46978307827399,-7.4073125018259987,false,true,false
IRF4,IRF4_2_CRISPRi,B,Resting-Treg,57,-238.36058263649801,-253.46978307827399,15.109200441775982,false,true,false
KLF13,KLF13_1_CRISPRi,B,Resting-Treg,201,-239.73213908806801,-253.46978307827399,13.737643990205981,false,true,false
KLF13,KLF13_2_CRISPRi,B,Resting-Treg,245,-246.153105801257,-253.46978307827399,7.3166772770169928,false,true,false
KLF2,KLF2_1_CRISPRi,B,Resting-Treg,168,-165.26164171759149,-253.46978307827399,88.208141360682504,false,true,true
KLF2,KLF2_2_CRISPRi,B,Resting-Treg,63,-175.81284079726001,-253.46978307827399,77.656942281013983,false,true,true
LEF1,LEF1_1_CRISPRi,B,Resting-Treg,252,-264.59373984364299,-253.46978307827399,-11.123956765369002,false,true,false
LEF1,LEF1_2_CRISPRi,B,Resting-Treg,223,-268.8279522597,-253.46978307827399,-15.358169181426007,false,true,false
MED11,MED11_1_CRISPRi,B,Resting-Treg,55,-132.42046893072899,-253.46978307827399,121.049314147545,false,false,false
MED11,MED11_2_CRISPRi,B,Resting-Treg,118,-208.50020660714802,-253.46978307827399,44.969576471125976,false,false,false
MED12,MED12_1_CRISPRi,B,Resting-Treg,221,-210.39419554704199,-253.46978307827399,43.075587531232003,false,true,true
MED12,MED12_2_CRISPRi,B,Resting-Treg,182,-207.05120820392349,-253.46978307827399,46.418574874350497,false,true,true
MED24,MED24_1_CRISPRi,B,Resting-Treg,350,-222.6770206250275,-253.46978307827399,30.792762453246496,false,true,true
MED24,MED24_2_CRISPRi,B,Resting-Treg,318,-240.27784954858402,-253.46978307827399,13.191933529689976,false,true,true
MEF2D,MEF2D_1_CRISPRi,B,Resting-Treg,201,-256.60449599919798,-253.46978307827399,-3.1347129209239881,false,true,true
MEF2D,MEF2D_2_CRISPRi,B,Resting-Treg,167,-234.07364293901,-253.46978307827399,19.396140139263991,false,true,true
MYB,MYB_1_CRISPRi,B,Resting-Treg,120,-196.43308136057698,-253.46978307827399,57.036701717697014,false,true,true
MYB,MYB_2_CRISPRi,B,Resting-Treg,159,-197.064111569441,-253.46978307827399,56.405671508832995,false,true,true
MYC,MYC_1_CRISPRi,B,Resting-Treg,139,-211.335167762824,-253.46978307827399,42.134615315449992,false,true,true
MYC,MYC_2_CRISPRi,B,Resting-Treg,144,-186.72128296395152,-253.46978307827399,66.748500114322468,false,true,true
NFKB2,NFKB2_1_CRISPRi,B,Resting-Treg,236,-199.24402195987852,-253.46978307827399,54.225761118395468,false,true,true
NFKB2,NFKB2_2_CRISPRi,B,Resting-Treg,224,-212.940393910642,-253.46978307827399,40.52938916763199,false,true,true
PRDM1,PRDM1_1_CRISPRi,B,Resting-Treg,270,-274.53154585341997,-253.46978307827399,-21.061762775145979,false,false,false
PRDM1,PRDM1_2_CRISPRi,B,Resting-Treg,265,-274.65441808101798,-253.46978307827399,-21.184635002743988,false,false,false
SOCS3,SOCS3_1_CRISPRi,B,Resting-Treg,27,-224.397576684211,-253.46978307827399,29.072206394062988,false,true,true
SOCS3,SOCS3_2_CRISPRi,B,Resting-Treg,27,-130.603382235293,-253.46978307827399,122.86640084298099,false,true,true
STAT5B,STAT5B_1_CRISPRi,B,Resting-Treg,84,-219.6084242770695,-253.46978307827399,33.861358801204489,false,true,true
STAT5B,STAT5B_2_CRISPRi,B,Resting-Treg,138,-266.32285160881651,-253.46978307827399,-12.853068530542515,false,true,true
TAF5L,TAF5L_1_CRISPRi,B,Resting-Treg,144,-271.77759522630248,-253.46978307827399,-18.307812148028489,false,true,true
TAF5L,TAF5L_2_CRISPRi,B,Resting-Treg,186,-265.69722788415652,-253.46978307827399,-12.227444805882527,false,true,true
USP22,USP22_1_CRISPRi,B,Resting-Treg,165,-231.93963510733099,-253.46978307827399,21.530147970943005,false,true,true
USP22,USP22_2_CRISPRi,B,Resting-Treg,131,-224.83546479797599,-253.46978307827399,28.634318280298004,false,true,true
ZNF217,ZNF217_1_CRISPRi,B,Resting-Treg,197,-254.54139237243501,-253.46978307827399,-1.0716092941610214,false,false,false
ZNF217,ZNF217_2_CRISPRi,B,Resting-Treg,116,-218.74552380177499,-253.46978307827399,34.724259276498998,false,false,false
ATXN7L3,ATXN7L3_1_CRISPRi,A,Stimulated-Treg,190,673.51981104753622,693.10560650116156,-19.585795453625337,false,true,true
ATXN7L3,ATXN7L3_2_CRISPRi,A,Stimulated-Treg,282,683.19882176462306,693.10560650116156,-9.9067847365384978,false,true,true
BACH2,BACH2_1_CRISPRi,A,Stimulated-Treg,254,683.65557416119304,693.10560650116156,-9.4500323399685158,false,true,false
BACH2,BACH2_2_CRISPRi,A,Stimulated-Treg,153,727.35165633792496,693.10560650116156,34.246049836763405,false,true,false
BATF,BATF_1_CRISPRi,A,Stimulated-Treg,187,631.88645103084309,693.10560650116156,-61.219155470318469,false,true,true
BATF,BATF_2_CRISPRi,A,Stimulated-Treg,213,659.05982927885361,693.10560650116156,-34.045777222307947,false,true,true
BPTF,BPTF_1_CRISPRi,A,Stimulated-Treg,237,708.94133001002172,693.10560650116156,15.835723508860156,false,true,true
BPTF,BPTF_2_CRISPRi,A,Stimulated-Treg,247,675.84191392148955,693.10560650116156,-17.263692579672011,false,true,true
CBFB,CBFB_1_CRISPRi,A,Stimulated-Treg,407,669.55797545618884,693.10560650116156,-23.547631044972718,false,true,true
CBFB,CBFB_2_CRISPRi,A,Stimulated-Treg,388,691.04353977455412,693.10560650116156,-2.0620667266074406,false,true,true
DNMT1,DNMT1_1_CRISPRi,A,Stimulated-Treg,167,636.7409603639486,693.10560650116156,-56.364646137212958,false,false,false
DNMT1,DNMT1_2_CRISPRi,A,Stimulated-Treg,145,665.45573076954156,693.10560650116156,-27.64987573162,false,false,false
ETS1,ETS1_1_CRISPRi,A,Stimulated-Treg,210,685.52346186744762,693.10560650116156,-7.5821446337139378,false,true,false
ETS1,ETS1_2_CRISPRi,A,Stimulated-Treg,115,670.13118954936681,693.10560650116156,-22.974416951794751,false,true,false
FOXO1,FOXO1_1_CRISPRi,A,Stimulated-Treg,121,600.26630911654468,693.10560650116156,-92.839297384616884,false,true,true
FOXO1,FOXO1_2_CRISPRi,A,Stimulated-Treg,191,644.24204999188987,693.10560650116156,-48.863556509271689,false,true,true
IL2RA,IL2RA_1_CRISPRi,A,Stimulated-Treg,108,588.64266311624465,693.10560650116156,-104.46294338491691,false,true,true
IL2RA,IL2RA_2_CRISPRi,A,Stimulated-Treg,157,553.79438569624938,693.10560650116156,-139.31122080491218,false,true,true
IRF1,IRF1_1_CRISPRi,A,Stimulated-Treg,230,671.86180977266872,693.10560650116156,-21.243796728492839,false,true,true
IRF1,IRF1_2_CRISPRi,A,Stimulated-Treg,160,680.89066213486649,693.10560650116156,-12.214944366295072,false,true,true
IRF2,IRF2_1_CRISPRi,A,Stimulated-Treg,176,678.30833056525535,693.10560650116156,-14.797275935906214,false,true,true
IRF2,IRF2_2_CRISPRi,A,Stimulated-Treg,172,688.22981671087882,693.10560650116156,-4.8757897902827381,false,true,true
IRF4,IRF4_1_CRISPRi,A,Stimulated-Treg,132,566.4985621466285,693.10560650116156,-126.60704435453306,false,true,false
IRF4,IRF4_2_CRISPRi,A,Stimulated-Treg,139,630.457622892328,693.10560650116156,-62.647983608833556,false,true,false
KLF13,KLF13_1_CRISPRi,A,Stimulated-Treg,215,696.71922432471877,693.10560650116156,3.6136178235572061,false,true,false
KLF13,KLF13_2_CRISPRi,A,Stimulated-Treg,252,710.14498761452955,693.10560650116156,17.039381113367995,false,true,false
KLF2,KLF2_1_CRISPRi,A,Stimulated-Treg,194,703.247734235591,693.10560650116156,10.142127734429437,false,true,true
KLF2,KLF2_2_CRISPRi,A,Stimulated-Treg,163,696.09584571278845,693.10560650116156,2.9902392116268857,false,true,true
LEF1,LEF1_1_CRISPRi,A,Stimulated-Treg,257,654.1142596942866,693.10560650116156,-38.991346806874958,false,true,false
LEF1,LEF1_2_CRISPRi,A,Stimulated-Treg,190,681.98961950359194,693.10560650116156,-11.115986997569621,false,true,false
MED11,MED11_1_CRISPRi,A,Stimulated-Treg,80,492.35580594984879,693.10560650116156,-200.74980055131277,false,false,false
MED11,MED11_2_CRISPRi,A,Stimulated-Treg,156,607.4583075596363,693.10560650116156,-85.647298941525264,false,false,false
MED12,MED12_1_CRISPRi,A,Stimulated-Treg,301,562.17417890922343,693.10560650116156,-130.93142759193813,false,true,true
MED12,MED12_2_CRISPRi,A,Stimulated-Treg,285,584.1058888007359,693.10560650116156,-108.99971770042566,false,true,true
MED24,MED24_1_CRISPRi,A,Stimulated-Treg,321,646.63259791624421,693.10560650116156,-46.473008584917352,false,true,true
MED24,MED24_2_CRISPRi,A,Stimulated-Treg,336,651.58023184526473,693.10560650116156,-41.525374655896826,false,true,true
MEF2D,MEF2D_1_CRISPRi,A,Stimulated-Treg,288,727.51261799357121,693.10560650116156,34.407011492409652,false,true,true
MEF2D,MEF2D_2_CRISPRi,A,Stimulated-Treg,247,726.49398700178085,693.10560650116156,33.388380500619292,false,true,true
MYB,MYB_1_CRISPRi,A,Stimulated-Treg,174,685.56773787107522,693.10560650116156,-7.5378686300863365,false,true,true
MYB,MYB_2_CRISPRi,A,Stimulated-Treg,237,700.13378474989031,693.10560650116156,7.0281782487287501,false,true,true
MYC,MYC_1_CRISPRi,A,Stimulated-Treg,174,542.98532186862155,693.10560650116156,-150.12028463254001,false,true,true
MYC,MYC_2_CRISPRi,A,Stimulated-Treg,148,494.79668631337802,693.10560650116156,-198.30892018778354,false,true,true
NFKB2,NFKB2_1_CRISPRi,A,Stimulated-Treg,347,641.99606440971854,693.10560650116156,-51.109542091443018,false,true,true
NFKB2,NFKB2_2_CRISPRi,A,Stimulated-Treg,238,683.2119306834976,693.10560650116156,-9.8936758176639614,false,true,true
PRDM1,PRDM1_1_CRISPRi,A,Stimulated-Treg,252,721.09619269462144,693.10560650116156,27.990586193459876,false,false,false
PRDM1,PRDM1_2_CRISPRi,A,Stimulated-Treg,303,721.77041509707499,693.10560650116156,28.664808595913428,false,false,false
SOCS3,SOCS3_1_CRISPRi,A,Stimulated-Treg,47,540.64025035838733,693.10560650116156,-152.46535614277423,false,true,true
SOCS3,SOCS3_2_CRISPRi,A,Stimulated-Treg,155,708.8343551230106,693.10560650116156,15.728748621849036,false,true,true
STAT5B,STAT5B_1_CRISPRi,A,Stimulated-Treg,150,450.30073791602217,693.10560650116156,-242.80486858513939,false,true,true
STAT5B,STAT5B_2_CRISPRi,A,Stimulated-Treg,195,606.91731903156312,693.10560650116156,-86.188287469598436,false,true,true
TAF5L,TAF5L_1_CRISPRi,A,Stimulated-Treg,186,679.66615874030049,693.10560650116156,-13.439447760861071,false,true,true
TAF5L,TAF5L_2_CRISPRi,A,Stimulated-Treg,193,697.00175201897912,693.10560650116156,3.8961455178175584,false,true,true
USP22,USP22_1_CRISPRi,A,Stimulated-Treg,176,613.26820298204109,693.10560650116156,-79.837403519120471,false,true,true
USP22,USP22_2_CRISPRi,A,Stimulated-Treg,184,640.80924188148651,693.10560650116156,-52.296364619675046,false,true,true
ZNF217,ZNF217_1_CRISPRi,A,Stimulated-Treg,237,664.09902196401629,693.10560650116156,-29.006584537145272,false,false,false
ZNF217,ZNF217_2_CRISPRi,A,Stimulated-Treg,222,699.10579857145831,693.10560650116156,6.0001920702967482,false,false,false
ATXN7L3,ATXN7L3_1_CRISPRi,B,Stimulated-Treg,185,640.60069348110494,606.17168980796021,34.429003673144734,false,true,true
ATXN7L3,ATXN7L3_2_CRISPRi,B,Stimulated-Treg,238,631.5512584330138,606.17168980796021,25.379568625053594,false,true,true
BACH2,BACH2_1_CRISPRi,B,Stimulated-Treg,170,593.1983863570988,606.17168980796021,-12.973303450861408,false,true,false
BACH2,BACH2_2_CRISPRi,B,Stimulated-Treg,116,686.73618590597175,606.17168980796021,80.564496098011546,false,true,false
BATF,BATF_1_CRISPRi,B,Stimulated-Treg,174,544.3794471806674,606.17168980796021,-61.792242627292808,false,true,true
BATF,BATF_2_CRISPRi,B,Stimulated-Treg,169,579.89267033620024,606.17168980796021,-26.279019471759966,false,true,true
BPTF,BPTF_1_CRISPRi,B,Stimulated-Treg,161,606.98069894183027,606.17168980796021,0.80900913387006312,false,true,true
BPTF,BPTF_2_CRISPRi,B,Stimulated-Treg,165,611.18647084296731,606.17168980796021,5.014781035007104,false,true,true
CBFB,CBFB_1_CRISPRi,B,Stimulated-Treg,266,619.31971294525283,606.17168980796021,13.148023137292626,false,true,true
CBFB,CBFB_2_CRISPRi,B,Stimulated-Treg,191,641.24192574562176,606.17168980796021,35.07023593766155,false,true,true
DNMT1,DNMT1_1_CRISPRi,B,Stimulated-Treg,135,551.48551624922175,606.17168980796021,-54.68617355873846,false,false,false
DNMT1,DNMT1_2_CRISPRi,B,Stimulated-Treg,93,521.63189568574739,606.17168980796021,-84.539794122212811,false,false,false
ETS1,ETS1_1_CRISPRi,B,Stimulated-Treg,169,630.38060471917947,606.17168980796021,24.208914911219267,false,true,false
ETS1,ETS1_2_CRISPRi,B,Stimulated-Treg,79,617.50260608703343,606.17168980796021,11.330916279073222,false,true,false
FOXO1,FOXO1_1_CRISPRi,B,Stimulated-Treg,76,555.56397188674373,606.17168980796021,-50.607717921216476,false,true,true
FOXO1,FOXO1_2_CRISPRi,B,Stimulated-Treg,136,576.33920579233722,606.17168980796021,-29.832484015622981,false,true,true
IL2RA,IL2RA_1_CRISPRi,B,Stimulated-Treg,123,521.49598858413572,606.17168980796021,-84.67570122382449,false,true,true
IL2RA,IL2RA_2_CRISPRi,B,Stimulated-Treg,166,455.14993247313362,606.17168980796021,-151.02175733482659,false,true,true
IRF1,IRF1_1_CRISPRi,B,Stimulated-Treg,174,566.16153708813158,606.17168980796021,-40.010152719828625,false,true,true
IRF1,IRF1_2_CRISPRi,B,Stimulated-Treg,120,626.79640950247517,606.17168980796021,20.624719694514965,false,true,true
IRF2,IRF2_1_CRISPRi,B,Stimulated-Treg,153,622.39281932222673,606.17168980796021,16.221129514266522,false,true,true
IRF2,IRF2_2_CRISPRi,B,Stimulated-Treg,168,584.74582096038375,606.17168980796021,-21.425868847576453,false,true,true
IRF4,IRF4_1_CRISPRi,B,Stimulated-Treg,100,513.27313354329476,606.17168980796021,-92.898556264665444,false,true,false
IRF4,IRF4_2_CRISPRi,B,Stimulated-Treg,105,434.61665981858528,606.17168980796021,-171.55502998937493,false,true,false
KLF13,KLF13_1_CRISPRi,B,Stimulated-Treg,174,635.20951682907798,606.17168980796021,29.037827021117778,false,true,false
KLF13,KLF13_2_CRISPRi,B,Stimulated-Treg,173,609.88495612993893,606.17168980796021,3.7132663219787219,false,true,false
KLF2,KLF2_1_CRISPRi,B,Stimulated-Treg,160,582.55945182540336,606.17168980796021,-23.612237982556849,false,true,true
KLF2,KLF2_2_CRISPRi,B,Stimulated-Treg,95,653.78313026899013,606.17168980796021,47.611440461029929,false,true,true
LEF1,LEF1_1_CRISPRi,B,Stimulated-Treg,196,594.47470198320912,606.17168980796021,-11.696987824751091,false,true,false
LEF1,LEF1_2_CRISPRi,B,Stimulated-Treg,167,577.02088994368182,606.17168980796021,-29.150799864278383,false,true,false
MED11,MED11_1_CRISPRi,B,Stimulated-Treg,102,519.24895774808374,606.17168980796021,-86.922732059876466,false,false,false
MED11,MED11_2_CRISPRi,B,Stimulated-Treg,138,560.06297019738281,606.17168980796021,-46.108719610577396,false,false,false
MED12,MED12_1_CRISPRi,B,Stimulated-Treg,426,576.88927980661424,606.17168980796021,-29.282410001345966,false,true,true
MED12,MED12_2_CRISPRi,B,Stimulated-Treg,345,576.76046131310432,606.17168980796021,-29.411228494855891,false,true,true
MED24,MED24_1_CRISPRi,B,Stimulated-Treg,340,631.23643406931899,606.17168980796021,25.064744261358783,false,true,true
MED24,MED24_2_CRISPRi,B,Stimulated-Treg,272,636.13284994464539,606.17168980796021,29.96116013668518,false,true,true
MEF2D,MEF2D_1_CRISPRi,B,Stimulated-Treg,233,626.2864301578677,606.17168980796021,20.114740349907493,false,true,true
MEF2D,MEF2D_2_CRISPRi,B,Stimulated-Treg,174,669.68936304616273,606.17168980796021,63.517673238202519,false,true,true
MYB,MYB_1_CRISPRi,B,Stimulated-Treg,112,543.27234970469635,606.17168980796021,-62.899340103263853,false,true,true
MYB,MYB_2_CRISPRi,B,Stimulated-Treg,159,535.7292392833042,606.17168980796021,-70.44245052465601,false,true,true
MYC,MYC_1_CRISPRi,B,Stimulated-Treg,156,349.58821157804414,606.17168980796021,-256.58347822991607,false,true,true
MYC,MYC_2_CRISPRi,B,Stimulated-Treg,129,316.61356228292414,606.17168980796021,-289.55812752503607,false,true,true
NFKB2,NFKB2_1_CRISPRi,B,Stimulated-Treg,187,600.12933378426976,606.17168980796021,-6.042356023690445,false,true,true
NFKB2,NFKB2_2_CRISPRi,B,Stimulated-Treg,129,577.41151138002976,606.17168980796021,-28.760178427930441,false,true,true
PRDM1,PRDM1_1_CRISPRi,B,Stimulated-Treg,241,650.07904560459281,606.17168980796021,43.907355796632601,false,false,false
PRDM1,PRDM1_2_CRISPRi,B,Stimulated-Treg,199,649.88904111205409,606.17168980796021,43.717351304093881,false,false,false
SOCS3,SOCS3_1_CRISPRi,B,Stimulated-Treg,29,356.6442682347427,606.17168980796021,-249.52742157321751,false,true,true
SOCS3,SOCS3_2_CRISPRi,B,Stimulated-Treg,64,669.57481720921396,606.17168980796021,63.403127401253755,false,true,true
STAT5B,STAT5B_1_CRISPRi,B,Stimulated-Treg,129,290.99330950548818,606.17168980796021,-315.17838030247202,false,true,true
STAT5B,STAT5B_2_CRISPRi,B,Stimulated-Treg,159,546.3949406968037,606.17168980796021,-59.776749111156505,false,true,true
TAF5L,TAF5L_1_CRISPRi,B,Stimulated-Treg,153,617.89379022300852,606.17168980796021,11.722100415048317,false,true,true
TAF5L,TAF5L_2_CRISPRi,B,Stimulated-Treg,133,562.64066477073857,606.17168980796021,-43.531025037221639,false,true,true
USP22,USP22_1_CRISPRi,B,Stimulated-Treg,144,591.14531114568274,606.17168980796021,-15.026378662277466,false,true,true
USP22,USP22_2_CRISPRi,B,Stimulated-Treg,140,616.95388638402665,606.17168980796021,10.78219657606644,false,true,true
ZNF217,ZNF217_1_CRISPRi,B,Stimulated-Treg,195,541.49034634119676,606.17168980796021,-64.681343466763451,false,false,false
ZNF217,ZNF217_2_CRISPRi,B,Stimulated-Treg,141,655.75106370797755,606.17168980796021,49.579373900017345,false,false,false
