double,geneA,geneB,residual,residual_bias_corrected,CI_low,CI_high,pctile_CI_low,pctile_CI_high,se_boot,noise_floor,noise_floor_sd,floor_ratio,z,p,bar_a_significant,bar_b_floor_ratio_ge_1p9,effect_norm,nonadditivity
SET+CEBPE,SET,CEBPE,0.4976568029234397,0.4858972546471948,0.4783733235171034,0.49335455743714185,0.5019590484097376,0.5169402823297761,0.0037933445779847557,0.14316319285550838,0.005684163084517941,3.476150489502664,62.365137100564915,0.000999000999000999,True,True,4.595218200715199,1.3935634867946405
IRF1+SET,IRF1,SET,0.3553144534474412,0.3414112818948242,0.3331418211975837,0.3491374000011809,0.3614915068937016,0.3774870856972988,0.004058331320333627,0.11354453714258286,0.004893190557787354,3.1292958903100487,49.409462690981734,0.000999000999000999,True,True,7.197147349796735,0.4130335214977403
MAPK1+PRTG,MAPK1,PRTG,0.5309027157685648,0.511207619797084,0.4992112026632133,0.522067140679802,0.5397382908573277,0.5625942288739164,0.006028022062606032,0.20182518554651283,0.008717995586582511,2.6305077551692007,37.746925535099024,0.000999000999000999,True,True,3.7609102214949908,0.8935317396428176
CEBPE+RUNX1T1,CEBPE,RUNX1T1,0.27111153090979023,0.250140568792518,0.24172402113867664,0.25814502635948133,0.28407803546009913,0.30049904068090383,0.0042901235691213645,0.1156528375395916,0.004603038200137513,2.344183996497105,33.773061749857824,0.000999000999000999,True,True,4.206436298316927,0.9883294973477084
RHOXF2BB+SET,RHOXF2BB,SET,0.3691486791266877,0.34440803839900663,0.33509139946499755,0.3547628151970317,0.3835345430563437,0.40320595878837784,0.005101634086801614,0.15749826473808956,0.006477328041406181,2.343826960510076,32.6755744090198,0.000999000999000999,True,True,6.502214868457586,0.5243215420788517
TBX3+TBX2,TBX3,TBX2,0.23276561306458848,0.21685017606450704,0.2085850469621035,0.22481760520809335,0.24071362092108362,0.25694617916707346,0.003990738421306335,0.09139926261987759,0.004399553280413226,2.5466902729034318,32.13197827926592,0.000999000999000999,True,True,5.335828837189013,0.4078065695726302
ETS2+IKZF3,ETS2,IKZF3,0.22240849736183615,0.20371129317069742,0.19722426900037465,0.209863049672014,0.23495394505165831,0.24759272572329766,0.003325216013986573,0.09711373247681174,0.004052608913793248,2.290185864444471,30.917062946433767,0.000999000999000999,True,True,7.578277777534946,0.3348587154815234
CEBPE+KLF1,CEBPE,KLF1,0.4212619291197336,0.39329490849399906,0.38226000038409824,0.4047090438398392,0.437814814399628,0.46026385785536894,0.005851412261079987,0.18733974142317425,0.0075870641552530545,2.24865223961296,30.831713415076194,0.000999000999000999,True,True,3.632944100486114,1.5225406795577403
DUSP9+KLF1,DUSP9,KLF1,0.2617059697305517,0.24030393748715234,0.23086955300454626,0.24939530323205966,0.27401663622904376,0.29254238645655717,0.004815679603701491,0.11429247873714894,0.004893739638350346,2.289791704775481,30.122871645679766,0.000999000999000999,True,True,7.24793867751072,0.3246152254686778
UBASH3B+CNN1,UBASH3B,CNN1,0.22962491252880907,0.21038928595326253,0.20008920474466357,0.22069932001127682,0.23855050504634132,0.25916062031295456,0.005278045006581005,0.09991254105402556,0.0043069902113514824,2.298259158523897,30.11670914248057,0.000999000999000999,True,True,7.745509136694054,0.3452618537229792
CBL+CNN1,CBL,CNN1,0.26102878788776845,0.24022082102004738,0.22922064387344804,0.25074399961534016,0.27131357616019675,0.29283693190208887,0.005773633894111643,0.1123307930814116,0.004987133636860808,2.323750956681915,29.816324492951832,0.000999000999000999,True,True,7.905876862083403,0.3859203480869732
KLF1+COL2A1,KLF1,COL2A1,0.4372372952361258,0.41349763345003615,0.39939428144199907,0.4263562946267439,0.4481182958455077,0.47508030903025256,0.006699222585455594,0.17825638916870293,0.008708176045464623,2.4528562329528723,29.73997134592896,0.000999000999000999,True,True,5.340789350911535,0.6157331806969959
SET+KLF1,SET,KLF1,0.31517946796828655,0.29852093847953104,0.28807314901265574,0.30743509233460187,0.32292384360197124,0.34228578692391737,0.004817193794121497,0.11545106726083636,0.006896406068341466,2.7299831473727973,28.96122976637357,0.000999000999000999,True,True,5.16813994764143,0.6141816421121864
CEBPB+PTPN12,CEBPB,PTPN12,0.46161359752592857,0.43168168250403244,0.4200048477643026,0.4436265133668968,0.47960068168496034,0.5032223472875546,0.00599657348281195,0.21132101567819297,0.008685445590718256,2.184418790741049,28.81747162347226,0.000999000999000999,True,True,4.322557349507701,0.9682885805176682
LHX1+ELMSAN1,LHX1,ELMSAN1,0.33780915830581565,0.3115538691289122,0.30215870753143814,0.32189721159362883,0.35372110501800247,0.37345960908019316,0.0050341997273725654,0.15125281617817973,0.006498103734265606,2.2334073959182863,28.709351182544626,0.000999000999000999,True,True,4.243040978804997,0.4039049005165592
FOSB+OSR2,FOSB,OSR2,0.2679312320151424,0.24325307885396075,0.23406597335507917,0.251657034955338,0.28420542907494684,0.30179649067520564,0.004331689214186911,0.12596775265672439,0.005068503236791945,2.1269827107679196,28.00895505559,0.000999000999000999,True,True,6.85441016764687,0.3439114191188517
AHR+FEV,AHR,FEV,0.3328481382329308,0.30716112235799015,0.2975543893082587,0.3165216010136859,0.3491746754521757,0.3681418871576029,0.00490110052419973,0.14854606103984822,0.006685416109320361,2.2407065923050133,27.56777950382788,0.000999000999000999,True,True,8.864811271960816,0.4325056941641846
UBASH3B+OSR2,UBASH3B,OSR2,0.48983306964815426,0.4572381387995842,0.4436650283454805,0.4706323236371256,0.5090338156591829,0.536001110950828,0.007212068624336721,0.2356153224429145,0.009231913454810003,2.0789525255380297,27.536842546199072,0.000999000999000999,True,True,2.363077226986111,0.9681480713868034
IGDCC3+MAPK1,IGDCC3,MAPK1,0.5315770336275939,0.4996118866489976,0.4858682234398912,0.513704440982416,0.5494496262727718,0.5772858438152966,0.006838080920637503,0.255849657753176,0.010152663698851159,2.0776929634997536,27.15813150647532,0.000999000999000999,True,True,3.441598272944053,0.9655492760132108
CBL+UBASH3B,CBL,UBASH3B,0.242471766974555,0.2205075237501284,0.21068429611120454,0.2299666075015389,0.2549769264475711,0.27425923783790546,0.004995443730336097,0.11130129336313073,0.004945921719754404,2.178517065237225,26.52093604464441,0.000999000999000999,True,True,7.209457167581339,0.4444619447943593
MAPK1+IKZF3,MAPK1,IKZF3,0.3350572492976258,0.3064361963161208,0.29520266375920373,0.3172878431378058,0.35282665545744585,0.3749118348360479,0.0057879436147901765,0.1578240720627551,0.00669896490080376,2.122979371387643,26.456800395178337,0.000999000999000999,True,True,6.227350124242377,0.6235038220636588
ETS2+CNN1,ETS2,CNN1,0.3746383037305629,0.34548601641452104,0.33304330512971697,0.35757889101673584,0.39169771644438994,0.4162333023314088,0.006140749599225674,0.17374649740552678,0.007688836621123266,2.156235143297029,26.127724677246132,0.000999000999000999,True,True,3.0505446717941496,0.609574967433656
ETS2+MAPK1,ETS2,MAPK1,0.24229730645375203,0.21840252073885214,0.20845776970751118,0.22830291992605906,0.256291692981445,0.2761368431999929,0.005004124017552767,0.11592912898123581,0.005161871655440039,2.090046812074039,24.48107700224166,0.000999000999000999,True,True,7.185080900450754,0.3512813989696987
KLF1+CEBPA,KLF1,CEBPA,0.18617723905987058,0.1637711698898734,0.15711963883970984,0.17000887631468903,0.20234560180505212,0.21523483928003131,0.003328860858132953,0.0969918529536298,0.0037241436881890167,1.9195142003202972,23.94789072964314,0.000999000999000999,True,True,9.933471658688402,0.4475805130785731
KLF1+CLDN6,KLF1,CLDN6,0.29437875061303825,0.2653624869819134,0.2544745227911688,0.27611889074940626,0.31263861047667024,0.33428297843490773,0.005489139074118359,0.14515815815182428,0.006299872822335734,2.0279862624403147,23.686286480603762,0.000999000999000999,True,True,6.58411012080432,0.4546435288099584
CEBPE+PTPN12,CEBPE,PTPN12,0.4857676400001279,0.44969263157286266,0.4344504299860714,0.46451501915507254,0.5070202608451833,0.5370848500141844,0.007650022011800652,0.24557754606665114,0.010241351883970505,1.9780621143118997,23.452967601808115,0.000999000999000999,True,True,3.4761606545588726,1.427971831996402
ETS2+CEBPE,ETS2,CEBPE,0.2470403548636226,0.21833014379782384,0.21058864874292477,0.2257118903114944,0.2683688194157508,0.28349206098432045,0.004054122423744592,0.12968637174097786,0.005087716736467488,1.9049060556419564,23.066139331515963,0.000999000999000999,True,True,6.305461499656996,0.6097436367330561
LYL1+IER5L,LYL1,IER5L,0.2759045923745258,0.2494612274771506,0.23933779880700257,0.259395754761753,0.29241342998729863,0.31247138594204904,0.005102044722440203,0.1323563762662527,0.0063325735227196004,2.0845583730662622,22.668227315997203,0.000999000999000999,True,True,5.275752155610599,0.3787467379747006
LYL1+CEBPB,LYL1,CEBPB,0.4683162466329955,0.4290151877408396,0.41310363484022194,0.4439410702320213,0.4926914230339697,0.523528858425769,0.007674293686754382,0.24782332343265026,0.00990071787887335,1.8897182079001031,22.27039755075176,0.000999000999000999,True,False,4.771819244421406,0.8371740980379146
AHR+KLF1,AHR,KLF1,0.26774349871558256,0.2374784013511081,0.22452598256414275,0.24835197265862763,0.2871350247725375,0.3109610148670224,0.006105235849331391,0.13926855155851114,0.00577219442854146,1.9224979058039173,22.25755711238836,0.000999000999000999,True,True,4.657220801224937,0.5332235729526023
DUSP9+SNAI1,DUSP9,SNAI1,0.324874381734128,0.29189296102775075,0.2783334215548563,0.3042045392437189,0.3455442242245372,0.37141534191339975,0.006582848113444452,0.16591095301639472,0.007201421461276725,1.9581249810675556,22.073896045733036,0.000999000999000999,True,True,8.018678927850877,0.5318958162057035
FOXA3+HOXB9,FOXA3,HOXB9,0.3250417796616709,0.2930242436769618,0.281381532799578,0.3042584217063338,0.345825137617008,0.3687020265237638,0.005963581056795156,0.16435883895400694,0.007397822452517668,1.9776349220416944,21.72030239154759,0.000999000999000999,True,True,6.93259825020797,0.414550434390297
MAP2K3+ELMSAN1,MAP2K3,ELMSAN1,0.3245211523719494,0.29436546491684795,0.2802600698814629,0.3063928585399334,0.34264944620396537,0.3687822348624359,0.006534246331752498,0.15823889536866179,0.007818619258317571,2.0508304966101196,21.267470829506617,0.000999000999000999,True,True,3.6269324358860917,0.450951800889705
FEV+CBFA2T3,FEV,CBFA2T3,0.40158001569592233,0.36704146227667445,0.35365724404449456,0.3790357446712742,0.42412428672057045,0.4495027873473501,0.0065993104907215465,0.20214674660200183,0.00949695340037072,1.986576694635488,20.999710189810504,0.000999000999000999,True,True,8.984482162279912,0.5770926280713823
ZC3HAV1+HOXC13,ZC3HAV1,HOXC13,0.3348657056056731,0.30062662723970185,0.288619490553823,0.3119989582057181,0.35773245300562806,0.38111192065752314,0.0060674179926255,0.1729961286478333,0.007712197197654448,1.9356832330471176,20.988775676932903,0.000999000999000999,True,True,3.700696100812203,0.5471377948267658
ETS2+IGDCC3,ETS2,IGDCC3,0.4276673454448301,0.3913257787466823,0.3768898788203624,0.40543370030422804,0.44990099058543215,0.4784448120692978,0.0071945197518069985,0.21990461216353882,0.009908941523028082,1.9447857015694703,20.9671974346056,0.000999000999000999,True,True,3.44112516089675,0.6913842959812946
ZBTB10+PTPN12,ZBTB10,PTPN12,0.3641640803099897,0.32748460720892275,0.3133410979207368,0.34101959566952794,0.38730856495045146,0.4149870626992426,0.007088826943536848,0.1916701868935573,0.008238150850600435,1.899951610691681,20.93842374880283,0.000999000999000999,True,False,5.544965600355261,0.5243146418202006
CNN1+UBASH3A,CNN1,UBASH3A,0.3042132615174009,0.27028768304146955,0.25814768264099935,0.28038689341866,0.3280396296161418,0.35027884039380247,0.005800246408657545,0.16046409319942853,0.00691222806817253,1.8958338619675963,20.7963578314014,0.000999000999000999,True,False,7.823478702608455,0.535238665993616
CEBPE+CNN1,CEBPE,CNN1,0.4881745089378993,0.4473911914368024,0.43126646590773565,0.4628749128504652,0.5134741050253334,0.545082551968063,0.008032405334105324,0.26393108686764616,0.010793103438719932,1.8496286842584209,20.776547111166067,0.000999000999000999,True,False,4.229601446852513,1.1150342633593373
CNN1+MAPK1,CNN1,MAPK1,0.3855926409780009,0.3461653210220689,0.33253710973165573,0.3595087753438298,0.411676506612172,0.43864817222434604,0.0068816111014995745,0.20851283489455474,0.00875039274302271,1.8492513478750392,20.236783797463726,0.000999000999000999,True,False,3.614983088497346,0.7561872900702944
CEBPE+CEBPA,CEBPE,CEBPA,0.18054071103899477,0.15632863066901792,0.14718017464997077,0.16468871078100666,0.19639271129698288,0.21390124742801878,0.004439242930603373,0.09899849621524832,0.004049439976262106,1.8236712469495757,20.136664650358682,0.000999000999000999,True,False,13.512118736871974,0.4846525357932074
ZBTB10+SNAI1,ZBTB10,SNAI1,0.3919739536890423,0.3490706035316582,0.3359400847373199,0.3619753069313986,0.421972600446686,0.4480078226407647,0.00669330768014426,0.22022410808947385,0.008590293730462743,1.7798866667666966,19.9934776375006,0.000999000999000999,True,False,8.888439035792823,0.4290060820726193
DUSP9+ETS2,DUSP9,ETS2,0.2322656809879459,0.20354011041171888,0.19317242186019074,0.21307795348052133,0.25145340849537046,0.27135894011570105,0.005016623009618656,0.12425521377331193,0.005584730929492479,1.869263058946448,19.340317121499993,0.000999000999000999,True,False,4.583201435018881,0.5763406511148474
CEBPB+MAPK1,CEBPB,MAPK1,0.24369676264700754,0.21456486939928193,0.20556830672653426,0.2229938798373841,0.26439964545663097,0.28182521856748083,0.004602238353171926,0.12931129416205167,0.005924594541216487,1.8845744621626717,19.306885507386855,0.000999000999000999,True,False,6.526951538339907,0.680338093927856
ETS2+PRTG,ETS2,PRTG,0.34594712316459775,0.30564722824839824,0.29289500989170386,0.31737503347102747,0.374519212858168,0.39899923643749163,0.006279799645718989,0.19303168788392733,0.007955908928190463,1.7921778903607817,19.220360195280712,0.000999000999000999,True,False,3.9841627002983304,0.5422462654116608
DUSP9+MAPK1,DUSP9,MAPK1,0.514123217699531,0.47022886689385124,0.4549545947358148,0.4846591373439222,0.5435872980551397,0.5732918406632471,0.007750795255134915,0.29176005514995096,0.011785029692271357,1.7621439557080416,18.868273424496007,0.000999000999000999,True,False,3.079823553976489,1.3127976040060856
ETS2+MAP7D1,ETS2,MAP7D1,0.3466902865069842,0.3067979760160024,0.2927571323951172,0.32017527493741904,0.37320529807654934,0.4006234406188512,0.007066718493742728,0.19296367841584663,0.008256056818072843,1.796660850130815,18.61985830264925,0.000999000999000999,True,False,4.8125893565710935,0.4467175740960458
POU3F2+FOXL2,POU3F2,FOXL2,0.293880284024411,0.2592847691598977,0.24659377640646096,0.2704599621222067,0.31730060592661535,0.3411667916423611,0.005984747662947941,0.15924771126890147,0.00723686577079856,1.8454286198699117,18.603712852981847,0.000999000999000999,True,False,6.226164153940775,0.4131160918010562
DUSP9+IGDCC3,DUSP9,IGDCC3,0.2222684610647742,0.19209341497775057,0.18338255478862447,0.2000898357505921,0.24444708637895626,0.2611543673409239,0.004155535426601506,0.12452239249453075,0.005280196127989301,1.78496780066715,18.511825356658704,0.000999000999000999,True,False,6.803347026667336,0.3708769668925996
FOSB+IKZF3,FOSB,IKZF3,0.3164402657954342,0.2795561392347153,0.2659683523892862,0.29235742842328133,0.3405231031675871,0.36691217920158226,0.00670772512038561,0.17262804866460696,0.007815128017395843,1.8330756110800686,18.401773689530472,0.000999000999000999,True,False,5.960945744620198,0.6074874180864831
PTPN12+SNAI1,PTPN12,SNAI1,0.487597965308986,0.44407881125122195,0.4261052124399054,0.4607867184176653,0.5144092122003068,0.5490907181780667,0.008985232092779655,0.27244864263713076,0.011732162818109548,1.7896876291595574,18.33841943786825,0.000999000999000999,True,False,3.4775896779584357,0.7266951128657939
SGK1+S1PR2,SGK1,S1PR2,0.25573212484985725,0.22335625689847627,0.2059490434376578,0.23800131125030605,0.27346293844940844,0.3055152062620567,0.008324108828251638,0.1409013883820803,0.006463275075242069,1.814972356101929,17.766648507293525,0.000999000999000999,True,False,6.422479962191433,0.4381615737275288
FOSB+PTPN12,FOSB,PTPN12,0.4903312899351901,0.44656340563936336,0.430527961904852,0.46271652995390566,0.5179460499164745,0.5501346179655282,0.008072517849344877,0.2753556986239324,0.012216623829835401,1.7807196015393205,17.59697231458048,0.000999000999000999,True,False,2.901545760557581,0.8932209921722428
FEV+ISL2,FEV,ISL2,0.2761391157305901,0.24091009727085871,0.22850038859546878,0.2520483297588486,0.30022990170233155,0.3237778428657114,0.00620893786237345,0.15382108718019896,0.00699939340505446,1.7951967496309365,17.475518444507177,0.000999000999000999,True,False,7.15207610637816,0.4055519051487218
FEV+MAP7D1,FEV,MAP7D1,0.27128469823163787,0.23500810468841438,0.22412848251206097,0.2450967541625898,0.29747264230068593,0.31844091395121477,0.005442722200424319,0.15479913035005893,0.006695275627343328,1.7524949760257784,17.3981736324424,0.000999000999000999,True,False,6.168096086893793,0.3756995356663818
MAP2K6+IKZF3,MAP2K6,IKZF3,0.25321885847122355,0.22196850310212035,0.21130478587228718,0.2319814331223865,0.2744562838200606,0.2951329310701599,0.00525059477676458,0.1373640970345661,0.006713050066515718,1.8434137007976978,17.25814053056656,0.000999000999000999,True,False,6.728009106699049,0.3365836841557275
CEBPE+SPI1,CEBPE,SPI1,0.22891162955725056,0.1970662491527878,0.1873813114333046,0.20581514369697312,0.252008115417528,0.2704419476811965,0.004781785202615121,0.13068719239885357,0.005717893246009709,1.7515995665330297,17.17843144884594,0.000999000999000999,True,False,11.602611295339237,0.3186582104335735
SAMD1+PTPN12,SAMD1,PTPN12,0.25421018628926956,0.21897728592210763,0.20833056503877978,0.22913244413599154,0.2792879284425476,0.30008980753975933,0.005646704462287362,0.14707989691232376,0.00638418594357808,1.7283815914067955,16.78057160673857,0.000999000999000999,True,False,6.069433323275382,0.3734067182422458
MAP2K6+SPI1,MAP2K6,SPI1,0.45143936639520676,0.4030210143168643,0.38574462554899547,0.41992233727274214,0.4829563955176714,0.5171341072414181,0.008610821662250918,0.266659868470679,0.011268274600194056,1.6929407825191567,16.39820686667909,0.000999000999000999,True,False,3.371445869047581,0.8967992988873983
PTPN12+UBASH3A,PTPN12,UBASH3A,0.2345722435956567,0.19975707371122475,0.18832419424765134,0.21031163942399972,0.2588328477673137,0.28082029294366206,0.005604656118123273,0.13940922596631003,0.005896608733039588,1.6826163546187682,16.13860134489405,0.000999000999000999,True,False,6.27849709618785,0.5271509655027217
MAP2K6+ELMSAN1,MAP2K6,ELMSAN1,0.4169160383664719,0.36903112227137896,0.35160631460896047,0.38340437925963117,0.4504276974733126,0.4822257621239833,0.00800956248302244,0.24537295827224662,0.01092225032824838,1.6991115944565274,15.705836703866861,0.000999000999000999,True,False,2.7235583147712497,0.5285147917575659
PTPN12+OSR2,PTPN12,OSR2,0.5852641888332575,0.5389328588742192,0.522531484550345,0.555339847522379,0.615188530144136,0.6479968931161699,0.008574890666471784,0.3528378725979543,0.014875348368557603,1.6587340370350334,15.624932638659308,0.000999000999000999,True,False,2.496819937964793,1.0417402750219658
PTPN12+PTPN9,PTPN12,PTPN9,0.2479860549865406,0.21004794815052708,0.19986790668945909,0.21977192211843943,0.2762001878546418,0.29610420328362214,0.0051332149412642684,0.14969893769651624,0.006491522588674761,1.6565652288680983,15.14084191303563,0.000999000999000999,True,False,5.476464353900947,0.4025879985218703
UBASH3B+PTPN9,UBASH3B,PTPN9,0.24183524229099423,0.2030330020400305,0.1920507145362545,0.21327732705730168,0.2703931575246868,0.291619770045734,0.005498461964826116,0.14959715074045613,0.006097278301400846,1.616576526317448,15.127748315071408,0.000999000999000999,True,False,5.411448462012573,0.3740256470951733
ZBTB10+DLX2,ZBTB10,DLX2,0.4285384673814909,0.3809389145496372,0.3590919350854146,0.4028186130437734,0.4542583217192083,0.49798499967756715,0.011458452595906141,0.25066985036137746,0.011779943371551421,1.709573236524814,15.099276066951761,0.000999000999000999,True,False,9.873616998937692,0.5037486293641512
ZBTB10+ELMSAN1,ZBTB10,ELMSAN1,0.32028895300517357,0.27176772932838533,0.2592578830401801,0.2843792015800557,0.35619870443029145,0.38132002297016704,0.006556842766572705,0.20204400974018658,0.007836018241314009,1.5852434992605875,15.089927004197312,0.000999000999000999,True,False,6.677898188680104,0.4147887829792299
FOXA1+HOXB9,FOXA1,HOXB9,0.3062193662598537,0.2635846554351173,0.24786720363154247,0.2774069121637639,0.3350318203559435,0.3645715288881649,0.007312601479710528,0.1829463976474887,0.008193874002204633,1.6738201473083618,15.044528214517007,0.000999000999000999,True,False,6.049280635365633,0.4236795350011005
MAP2K3+IKZF3,MAP2K3,IKZF3,0.2897101837926605,0.2552191511261426,0.23829063795036842,0.2708249967855765,0.30859537079974453,0.3411297296349526,0.008428252186334724,0.15766703899738269,0.008782495000389154,1.8374809702455932,15.034810129630245,0.000999000999000999,True,False,6.936841555022399,0.3688795789634747
FOXA3+FOXA1,FOXA3,FOXA1,0.3240790370116927,0.27800637074943657,0.2636350770245691,0.2910128770473051,0.3571451969760803,0.3845229969988163,0.006984777872322947,0.1980776079173864,0.008549544697201854,1.6361215203429689,14.737794064699703,0.000999000999000999,True,False,5.753008101263464,0.3776959521350504
PRDM1+CBFA2T3,PRDM1,CBFA2T3,0.35724876567597214,0.3085845382140665,0.2931835516879663,0.3216453667814376,0.39285216457050665,0.421313979663978,0.007176641774212646,0.2174120424558296,0.009555649398378515,1.6431875697435316,14.633931969487206,0.000999000999000999,True,False,8.182667441273255,0.4854830070006177
ZC3HAV1+CEBPE,ZC3HAV1,CEBPE,0.41385118259824494,0.3646410201841106,0.343312546264477,0.38366658906676643,0.44403577612972345,0.4843898189320129,0.010522201515001425,0.24818681898667552,0.01132697789012792,1.6674986378727208,14.625645535686528,0.000999000999000999,True,False,3.009795611409785,1.7127174516167063
FOXF1+FOXL2,FOXF1,FOXL2,0.31038614237358897,0.262749491593909,0.24886944525181415,0.2758161146683679,0.34495617007881,0.3719028394953638,0.007051656276046219,0.1956678289954636,0.007886582193179382,1.5862911341485015,14.546011259140641,0.000999000999000999,True,False,6.586430719460706,0.5012392501945969
FOXA3+FOXL2,FOXA3,FOXL2,0.3669747077101361,0.31602098011311097,0.3011717425341209,0.3305244715116625,0.4034249439086098,0.4327776728861514,0.007352504181023966,0.22799506867740024,0.009829835718362155,1.6095730045345147,14.138551550065237,0.000999000999000999,True,False,7.673940740670747,0.4899192684109963
CBL+PTPN12,CBL,PTPN12,0.2502356116960853,0.2119878665421817,0.19529544103799845,0.2268725482310588,0.27359867516111186,0.3051757823541722,0.007978443545808093,0.15181411410160914,0.007066155025180868,1.6483026836925236,13.928578872631931,0.000999000999000999,True,False,6.125265756544194,0.3638029910495188
POU3F2+CBFA2T3,POU3F2,CBFA2T3,0.370192155449265,0.31802080695672047,0.30163107883996326,0.3319132129464684,0.40847109795206155,0.4387532320585667,0.007601519842854977,0.23127003319219427,0.010064796324557056,1.6006922744790766,13.80277531479849,0.000999000999000999,True,False,4.8155025879806415,0.4907058115249235
TGFBR2+C19orf26,TGFBR2,C19orf26,0.3410229136213516,0.2931530105479456,0.273968074769237,0.31122614526627024,0.370819681976433,0.4080777524734662,0.009695687305408268,0.20917879068833373,0.00964704011800333,1.6302939341945966,13.666795340362487,0.000999000999000999,True,False,4.126272925261546,0.5543612892276982
SNAI1+DLX2,SNAI1,DLX2,0.38380050365089147,0.33072579362394616,0.3144921699549747,0.34730806055998714,0.4202929467417958,0.45310883734680824,0.008343603614666944,0.24140171181520548,0.01045017631571209,1.5898831071450443,13.626448734801345,0.000999000999000999,True,False,7.064428089360482,0.4912028145288303
FOXF1+HOXB9,FOXF1,HOXB9,0.3333466034398001,0.2791926731096426,0.26422064794282996,0.2940812463608903,0.37261196051870993,0.40247255893677025,0.007404267569917134,0.21975558808817744,0.008458357791982092,1.5168970506726955,13.429440814066613,0.000999000999000999,True,False,5.324456906941892,0.4524693918518394
DUSP9+PRTG,DUSP9,PRTG,0.22284512876710422,0.18594739545126865,0.1741672518392064,0.1972431866353426,0.24844707089886583,0.27152300569500204,0.0058702645704795595,0.13847144228181624,0.0063887025124315325,1.6093219301751127,13.206701410984225,0.000999000999000999,True,False,7.141735597053428,0.3709563804380744
RHOXF2BB+ZBTB25,RHOXF2BB,ZBTB25,0.25726783823677757,0.21426976583898127,0.19801792490529335,0.229162776143221,0.28537290033033413,0.3165177515682618,0.008015948984456584,0.1644364762187662,0.007402913984247157,1.5645423944411736,12.539840691861274,0.000999000999000999,True,False,6.480055806022444,0.3578496974031516
SGK1+TBX2,SGK1,TBX2,0.2370283117828525,0.1959528844455315,0.18423420446747163,0.20689842661007468,0.2671581969556303,0.28982241909823336,0.005874188770205923,0.15252444830807632,0.006760944509654443,1.5540348738327585,12.498825179545102,0.000999000999000999,True,False,5.67981310471285,0.3307550044380674
SNAI1+UBASH3B,SNAI1,UBASH3B,0.39010669922238217,0.33301502311983183,0.314748065283916,0.34941542447492896,0.4307979739698354,0.4654653331608483,0.00903589852444747,0.25517688509367153,0.010860911309072793,1.5287697358605972,12.42343393560312,0.000999000999000999,True,False,3.583220023025236,0.566677932290534
CBL+PTPN9,CBL,PTPN9,0.25966406995164515,0.21419976955412934,0.1993319492230386,0.2268413875783954,0.2924867523248949,0.3199961906802517,0.007247864431415078,0.17065056847378118,0.007477552692036342,1.521612686520526,11.904095516794435,0.000999000999000999,True,False,5.45666497139939,0.3976141524782142
UBASH3B+PTPN12,UBASH3B,PTPN12,0.24080262281402365,0.20045172842929782,0.18803367294882106,0.21110208863378538,0.2705031569942619,0.29357157267922623,0.0059328947055295725,0.15233413740564197,0.007608489347102311,1.5807528562872546,11.627601928899967,0.000999000999000999,True,False,5.897092255152668,0.3652403993305062
SGK1+TBX3,SGK1,TBX3,0.23334338949293895,0.18975215290069214,0.1776809734051874,0.20151453371457623,0.2651722452713017,0.2890058055806905,0.005940879552415189,0.1556473806497771,0.00671184104781324,1.499179674716056,11.575960796699098,0.000999000999000999,True,False,5.884481883831938,0.3395787242098084
FOXA1+FOXF1,FOXA1,FOXF1,0.3096723232712108,0.2552956079953177,0.24030747446301082,0.2688354823657587,0.3505091641766629,0.3790371720794108,0.007195322172202053,0.20915959640052556,0.008744262729625559,1.4805551770056518,11.494705726321348,0.000999000999000999,True,False,4.663984172663593,0.5139561709075368
MAPK1+TGFBR2,MAPK1,TGFBR2,0.27235305348144634,0.2245089252987073,0.21083560563044706,0.23677473880490152,0.30793136815799116,0.3338705013324456,0.006713516695006015,0.17971753728515438,0.008375044073276204,1.5154506209892524,11.060898949998503,0.000999000999000999,True,False,4.155927654535037,0.3716081206459305
JUN+CEBPA,JUN,CEBPA,0.24450477160390577,0.19687484944722627,0.18087868738446577,0.21150344594660864,0.2775060972612029,0.30813085582334576,0.007736495767280613,0.17038295052769695,0.0068338757082132134,1.4350307401453282,10.846234880614873,0.000999000999000999,True,False,13.905103128019357,0.3266915147914483
FOXA3+FOXF1,FOXA3,FOXF1,0.3589506408173684,0.294385878521033,0.27908269368210087,0.31019194609542117,0.4077093355393156,0.4388185879526359,0.008060603009399628,0.25363480270509275,0.01016109503854494,1.4152262898823427,10.364615005840626,0.000999000999000999,True,False,4.830607648583366,0.4668739526727407
KLF1+FOXA1,KLF1,FOXA1,0.3215897381954882,0.26765200206651335,0.2495576281364762,0.28420740759413476,0.3589720687968416,0.3936218482545002,0.008691518338462524,0.21485400979538274,0.01042142037841018,1.4967825757674047,10.241955945009899,0.000999000999000999,True,False,4.617174404037221,0.5598653003869642
CEBPB+OSR2,CEBPB,OSR2,0.25817588494098825,0.2074470045410633,0.1944937372358188,0.2190918479715402,0.2972599219104363,0.3218580326461577,0.00642621662110165,0.17971849421115946,0.007817838809936044,1.4365571338342376,10.035687948709528,0.000999000999000999,True,False,7.421354106649256,0.4263479397946798
PTPN12+ZBTB25,PTPN12,ZBTB25,0.22920601081946063,0.18819818501846453,0.1745730428878594,0.19979346496984524,0.258618556669076,0.28383897875106184,0.006481321241767043,0.14964711941780243,0.007932699380889762,1.5316433200397017,10.029233125021634,0.000999000999000999,True,False,6.024454742728719,0.350855038676507
FOSB+CEBPE,FOSB,CEBPE,0.2055533595331038,0.16031523791043806,0.15033868951537804,0.16989516045909492,0.24121155860711269,0.26076802955082956,0.00498785974114242,0.14863930551882087,0.0057337786366142025,1.3829004301091572,9.926098934278127,0.000999000999000999,True,False,9.667937068380642,0.3347783429518648
ZC3HAV1+CEBPA,ZC3HAV1,CEBPA,0.21787778546223796,0.17208968484956222,0.16039028404388694,0.18257732545826827,0.25317824546620765,0.275365286880589,0.00577693773331685,0.1545969644351401,0.006388980205917739,1.4093277074249853,9.904682592142724,0.000999000999000999,True,False,12.051669556216487,0.2403591197410448
FOSB+CEBPB,FOSB,CEBPB,0.2617176876420138,0.20886829642054022,0.19505585938142006,0.22053841865498208,0.30289695662904553,0.32837951590260755,0.006418534700883336,0.1852672118934684,0.007907075870295018,1.4126497882016256,9.668615427828568,0.000999000999000999,True,False,10.621382455413094,0.4165775627011358
FOSB+UBASH3B,FOSB,UBASH3B,0.45555160262092287,0.3871366980926484,0.3667506681779601,0.40713570708497726,0.5039674981568685,0.5443525370638856,0.010302824808050157,0.31961045070892485,0.014095521475734054,1.4253338763187131,9.644279720053323,0.000999000999000999,True,False,2.51193798317467,0.7488256453159423
BPGM+SAMD1,BPGM,SAMD1,0.2514251903367215,0.20188542043169733,0.18378007386816425,0.21793000162521964,0.28492037904822337,0.31907030680527876,0.008846781079522395,0.17452849548133365,0.008569554905013757,1.4405967899013499,8.973242567172095,0.000999000999000999,True,False,5.59802554490394,0.400451216192726
UBASH3B+ZBTB25,UBASH3B,ZBTB25,0.22946559453227094,0.18052542420189926,0.1658764200315957,0.19363222080692089,0.265298968257621,0.2930547690329462,0.006809624496290919,0.16444832576237386,0.007380412595033743,1.3953659513922103,8.809435506850525,0.000999000999000999,True,False,5.506827960957547,0.3384893521921313
FOXA1+FOXL2,FOXA1,FOXL2,0.3375343269722454,0.27236000973206653,0.2537251738529474,0.2906602273013772,0.3844084266431136,0.4213434800915434,0.009131925212124005,0.2460324586909274,0.01074814202721088,1.371909742186762,8.513273089401343,0.000999000999000999,True,False,5.293095962425083,0.458954497548188
BPGM+ZBTB1,BPGM,ZBTB1,0.23780803614419793,0.18870341860459083,0.17441162674134142,0.20167026287987527,0.2739458094085206,0.30120444554705444,0.006936510495218102,0.16890150190948003,0.008195774435285741,1.4079687477950742,8.407568409649077,0.000999000999000999,True,False,5.40803286976658,0.4614561084212028
KLF1+BAK1,KLF1,BAK1,0.24055551369787745,0.1871330565365461,0.1740573660159424,0.19881462390341575,0.28229640349233914,0.3070536613798125,0.006514082209101664,0.17736561093402708,0.00785501404504138,1.3562691912546365,8.044530843804173,0.000999000999000999,True,False,3.911840843006718,0.3018927880452814
BCL2L11+TGFBR2,BCL2L11,TGFBR2,0.45010637356774497,0.37939342340452187,0.3594776848466319,0.39687926495588877,0.5033334821796012,0.540735062288858,0.009702381359287908,0.3253790260898835,0.015557191513909416,1.3833294019492408,8.017343449577316,0.000999000999000999,True,False,2.0137262379172562,0.5756395555215252
UBASH3B+UBASH3A,UBASH3B,UBASH3A,0.2609579971633342,0.20359158883076317,0.19001324010381326,0.2171725505051677,0.30474344382150065,0.3319027542228551,0.007073530227726614,0.1943498897563379,0.008502035764764198,1.3427226405453834,7.8343715846323105,0.000999000999000999,True,False,3.2912347542981957,0.4075815412986336
SAMD1+ZBTB1,SAMD1,ZBTB1,0.2646634024852317,0.20576606929110003,0.18143778265720717,0.22522764964451025,0.3040991553259531,0.3478890223132562,0.011458804527407272,0.19704388493056355,0.009057494990124008,1.3431698353820858,7.46558707770727,0.000999000999000999,True,False,6.482354744600074,0.3617064808798973
SAMD1+UBASH3B,SAMD1,UBASH3B,0.24950218628169338,0.19337675316724146,0.17877077401105818,0.20684487785212646,0.2921594947112603,0.3202335985523286,0.007180840983696702,0.1876810543437474,0.008632637794058694,1.329394632580854,7.161325821001502,0.000999000999000999,True,False,5.822485874591548,0.3296219264995588
KLF1+TGFBR2,KLF1,TGFBR2,0.23779335793836628,0.18263750145720936,0.16803605836840496,0.19723585688072787,0.2783508589960047,0.3075506575083276,0.00762102072756855,0.17917242414432447,0.008332846924662143,1.3271760934976373,7.0349226769719655,0.000999000999000999,True,False,4.420184215389561,0.324090630659805
CEBPE+CEBPB,CEBPE,CEBPB,0.23055491103994305,0.17406379866019955,0.16205563901247083,0.18678426937391795,0.27432555270596815,0.29905418306741527,0.006153152759055928,0.17852779671947985,0.007412121229701964,1.2914230460269065,7.019193657003256,0.000999000999000999,True,False,10.254036471555064,0.4968419817973866
TGFBR2+IGDCC3,TGFBR2,IGDCC3,0.2735844082074064,0.21135716626010825,0.19081289429806314,0.23051978741905998,0.31664902899575287,0.3563559221167497,0.010262764987363794,0.20781249959383422,0.009884081470699232,1.3164964029696107,6.654326839428539,0.000999000999000999,True,False,4.265500730030121,0.4216161710112106
CDKN1B+CDKN1A,CDKN1B,CDKN1A,0.28269168370011705,0.21511706288431154,0.19810817356131477,0.23023637822890408,0.33514698917133,0.3672751938389193,0.008286953244879876,0.22237685812985905,0.009064646607739866,1.2712279779357103,6.653852949850032,0.000999000999000999,True,False,5.459742308441415,0.4898794517923371
TMSB4X+BAK1,TMSB4X,BAK1,0.3598334279014056,0.2790576929964074,0.26190548801489894,0.2974282653890501,0.4222385904137611,0.45776136778791227,0.009545750602119825,0.2874634438538481,0.011610667568873616,1.251753694582299,6.233059694308199,0.000999000999000999,True,False,2.761660430844692,0.4114034893897506
IGDCC3+ZBTB25,IGDCC3,ZBTB25,0.2546569977956676,0.1909003446921847,0.17613396034284312,0.2048950787485374,0.30441891684279776,0.33318003524849205,0.007164412944489648,0.20258651481557302,0.00844337252035933,1.257028376382789,6.167024237594407,0.000999000999000999,True,False,6.771924032634628,0.3426276929357379
TGFBR2+PRTG,TGFBR2,PRTG,0.25341587424333917,0.18858980502568012,0.17473266608150023,0.20295117393557038,0.30388057455110795,0.3320990824051781,0.007358911352416402,0.20344238879012125,0.008889722142559562,1.245639494062235,5.621490149165603,0.000999000999000999,True,False,4.889293843573181,0.3633298867954285
CEBPB+CEBPA,CEBPB,CEBPA,0.21799026682943248,0.1576634306973001,0.1451176613564807,0.16934598583315863,0.26663454782570634,0.2908628723023843,0.0060991210637353025,0.1800690735961197,0.007119852959124624,1.2105924825179415,5.3261202795928435,0.000999000999000999,True,False,12.789649105483367,0.5462921057972061
IGDCC3+PRTG,IGDCC3,PRTG,0.3130245658335047,0.23666811641197666,0.21648699996217102,0.25597330507811544,0.37007582658889393,0.40956213170483835,0.010140639578577366,0.2553911087979589,0.011664286871309151,1.22566743731529,4.941018484148208,0.000999000999000999,True,False,5.3872301111073675,0.6436701632100355
MAP2K3+SLC38A2,MAP2K3,SLC38A2,0.40013369419689837,0.3123292413758636,0.28982974275929896,0.3341049074589871,0.46616248093480966,0.5104376456344978,0.011049580487484506,0.3287414349723448,0.014641705173597532,1.2171684236596443,4.8759525190611495,0.000999000999000999,True,False,2.3427080397052555,0.5884883444557938
TGFBR2+ETS2,TGFBR2,ETS2,0.4343704480644312,0.3407732890036195,0.3147261092033107,0.3630937982653598,0.5056470978635026,0.5540147869255517,0.012470319715582294,0.3635707405470867,0.0155433324422311,1.1947343381120492,4.554988949794466,0.000999000999000999,True,False,2.51750309615181,0.5702743815391087
FOXL2+HOXB9,FOXL2,HOXB9,0.34717388925500886,0.26362931409943174,0.24179035626864648,0.28537681726908215,0.40897096124093557,0.45255742224137124,0.010740608484860067,0.2871876716869263,0.013295261694964583,1.2088746261833818,4.511849329810603,0.001998001998001998,True,False,7.03234421990412,0.4137623476863141
CDKN1C+CDKN1A,CDKN1C,CDKN1A,0.29539211016977274,0.21682497074772233,0.19676260466669815,0.2348564103496903,0.3559278099898552,0.3940216156728473,0.009896153386403084,0.24906400300936338,0.010665716152238998,1.186008843512676,4.343647111842925,0.000999000999000999,True,False,5.6929240962048056,0.628789911796153
JUN+CEBPB,JUN,CEBPB,0.3650693349552337,0.27348396325605406,0.2535806254607944,0.29475636622352797,0.4353823036869394,0.476558044449673,0.010587956264017961,0.31348027923698324,0.012886204591505811,1.1645687436664889,4.00343292331835,0.001998001998001998,True,False,8.574748806526308,0.4260937836622822
MAP2K3+MAP2K6,MAP2K3,MAP2K6,0.3381750474185041,0.25308764021137176,0.2307213926524629,0.27242898251674397,0.4039211123202643,0.44562870218454537,0.010914586492054278,0.2852820893371459,0.013254404924921578,1.1854058143091115,3.99059470273964,0.000999000999000999,True,False,2.1433996006499623,0.8405339450030913
FOXL2+MEIS1,FOXL2,MEIS1,0.31321068010966124,0.2285387090413048,0.20925266937755382,0.24809352350540387,0.3783278367139186,0.41716869084176866,0.009939474618333402,0.2685176058249785,0.011429939526693213,1.1664437389398368,3.9101759182808937,0.000999000999000999,True,False,4.875683318460523,0.4113098918577752
ZNF318+FOXL2,ZNF318,FOXL2,0.33225014748805265,0.24855891413621267,0.22363867667495063,0.26992828522774104,0.39457200974836426,0.44086161830115467,0.01177479874881319,0.27770622469266093,0.014018021747765771,1.1964087152016696,3.8909857451237775,0.002997002997002997,True,False,3.71604606330506,0.5049361194626776
PLK4+STIL,PLK4,STIL,0.49793105334848076,0.3950506235975627,0.36968334109448486,0.4173304512771471,0.5785316554198144,0.6261787656024767,0.012094666267912047,0.4345508611301344,0.017201216887286482,1.1458521841459794,3.684634211268565,0.000999000999000999,True,False,4.545938002453475,0.6912394842963785
C3orf72+FOXL2,C3orf72,FOXL2,0.5056053529173009,0.3998923813376538,0.3723739878816046,0.42382424080645664,0.5873864650281452,0.6388367179529972,0.013218344309250108,0.44624823603151337,0.017446463414544824,1.1330136728688287,3.4022435077760522,0.000999000999000999,True,False,5.396132094581131,0.8076452140458905
BCL2L11+BAK1,BCL2L11,BAK1,0.770749103019415,0.6988824649291685,0.675978453980725,0.7233203373667436,0.8181778686720864,0.865519752058105,0.011973969130086493,0.7089525365747852,0.019610165151239103,1.0871660135997145,3.1512517088987955,0.001998001998001998,True,False,1.420318266830363,1.0875611408250163
SAMD1+TGFBR2,SAMD1,TGFBR2,0.4145456979606189,0.30891334304178597,0.2874502403853796,0.32855782480133733,0.5005335711199005,0.5416411555358582,0.010587527034846892,0.3750970207232317,0.01394341992069229,1.105169263038468,2.829196672105145,0.003996003996003996,True,False,4.870707106835748,0.5021021701334772
KLF1+MAP2K6,KLF1,MAP2K6,0.2611749521705797,0.18418289651781838,0.1651968236243207,0.20245246923627336,0.319897435104886,0.35715308071683866,0.009723879867038578,0.22934001040097388,0.011417817874087039,1.138811111562898,2.7881809046767003,0.007992007992007992,True,False,3.829358818589352,0.4285036316651843
CBL+TGFBR2,CBL,TGFBR2,0.28337029697923716,0.20093149065954136,0.1823143088909706,0.21804791328656908,0.34869268067190523,0.3844262850675037,0.009249450717017474,0.2510725665834002,0.011870334620701611,1.1286390259013361,2.720877837724169,0.011988011988011988,True,False,4.361639799367925,0.3837005477153651
CBL+UBASH3A,CBL,UBASH3A,0.41233920896254705,0.3025929856949775,0.2786077107339602,0.3257291209006376,0.4989492970244565,0.5460707071911339,0.012135674931259385,0.3804921429243947,0.015574575388858165,1.0836996679967725,2.0448111902257895,0.024975024975024976,True,False,5.442127499239666,0.6159757431727039
KIF18B+KIF2C,KIF18B,KIF2C,0.7024373910070126,0.6071077118998709,0.5810776551367615,0.6354971248687048,0.7693776571453205,0.8237971268772638,0.01395767199243324,0.6658036287027329,0.02314275839743577,1.055021872403516,1.5829471005642424,0.06593406593406594,False,False,2.41977122993955,0.93181269251095
CDKN1C+CDKN1B,CDKN1C,CDKN1B,0.3227522656049286,0.21943814621187674,0.19510705812958784,0.24211071661036387,0.4033938145994933,0.45039747308026934,0.012521786766803222,0.3061317930552611,0.014902847921314187,1.0542918864577624,1.1152547913943835,0.12787212787212787,False,False,5.176379837535379,0.5536014200660881
